Player,Tm,FantPos,Age,G,GS,Cmp,PassAtt,PassYds,PassTD,Int,RushAtt,RushYds,Y/A,RushTD,Tgt,Rec,RecYds,Y/R,RecTD,Fmb,FL,TotalTD,2PM,2PP,FantPt,PPR,DKPt,FDPt,VBD,PosRank,OvRank
Jonathan Taylor,IND,RB,22,17,17,0,0,0,0,0,332,1811,5.45,18,51,40,360,9.0,2,4,2,20,0,0,333,373.1,381.1,353.1,187,1,1
Cooper Kupp,LAR,WR,28,17,17,0,1,0,0,0,4,18,4.5,0,191,145,1947,13.43,16,0,0,16,1,0,295,439.5,442.5,367.0,173,1,2
Deebo Samuel,SFO,WR,25,16,15,1,2,24,1,0,59,365,6.19,8,121,77,1405,18.25,6,4,2,14,0,0,262,339.0,347.0,300.5,140,2,3
Josh Allen,BUF,QB,25,17,17,409,646,4407,36,15,122,763,6.25,6,0,0,0,0.0,0,8,3,6,2,1,403,402.6,426.6,417.6,134,1,4
Austin Ekeler,LAC,RB,26,16,16,0,0,0,0,0,206,911,4.42,12,94,70,647,9.24,8,4,3,20,2,0,274,343.8,352.8,308.8,128,2,5
Justin Herbert,LAC,QB,23,17,17,443,672,5014,38,15,63,302,4.79,3,0,0,0,0.0,0,1,1,3,1,5,381,380.8,402.8,395.8,112,2,6
Tom Brady,TAM,QB,44,17,17,485,719,5316,43,12,28,81,2.89,2,0,0,0,0.0,0,4,3,2,0,0,375,374.7,392.7,386.7,106,3,7
Mark Andrews,BAL,TE,26,17,9,0,0,0,0,0,1,0,0.0,0,153,107,1361,12.72,9,1,0,9,2,0,194,301.1,304.1,247.6,102,1,8
Ja'Marr Chase,CIN,WR,21,17,17,0,0,0,0,0,7,21,3.0,0,128,81,1455,17.96,13,2,1,13,0,0,224,304.6,308.6,264.1,102,3,9
Justin Jefferson,MIN,WR,22,17,17,2,4,35,0,0,6,14,2.33,0,167,108,1616,14.96,10,1,1,10,0,0,222,330.4,334.4,276.4,101,4,10
Joe Mixon,CIN,RB,25,16,16,0,0,0,0,0,292,1205,4.13,13,48,42,314,7.48,3,2,1,16,0,0,246,287.9,294.9,266.9,100,3,11
Davante Adams,GNB,WR,29,16,16,0,0,0,0,0,0,0,0.0,0,169,123,1553,12.63,11,0,0,11,0,0,221,344.3,347.3,282.8,100,5,12
Patrick Mahomes,KAN,QB,26,17,17,436,658,4839,37,13,66,381,5.77,2,0,0,0,0.0,0,9,4,2,1,1,362,361.7,384.7,374.7,93,4,13
Najee Harris,PIT,RB,23,17,17,0,0,0,0,0,307,1200,3.91,7,94,74,467,6.31,3,0,0,10,0,0,227,300.7,306.7,263.7,81,4,14
Travis Kelce,KAN,TE,32,16,16,0,0,0,0,0,2,3,1.5,1,134,92,1125,12.23,9,1,1,10,0,0,171,262.8,266.8,216.8,79,2,15
James Conner,ARI,RB,26,15,6,0,0,0,0,0,202,752,3.72,15,39,37,375,10.14,3,2,0,18,0,0,221,257.7,263.7,239.2,75,5,16
Mike Evans,TAM,WR,28,16,16,0,0,0,0,0,1,10,10.0,0,114,74,1035,13.99,14,0,0,14,0,0,189,262.5,265.5,225.5,67,6,17
Aaron Rodgers,GNB,QB,38,16,16,366,531,4115,37,4,33,101,3.06,3,1,1,-4,-4.0,0,3,0,3,0,0,332,333.3,343.3,336.8,64,5,18
Tyreek Hill,KAN,WR,27,17,16,0,0,0,0,0,9,96,10.67,0,159,111,1239,11.16,9,2,1,9,0,0,186,296.5,300.5,241.0,64,7,19
Matthew Stafford,LAR,QB,33,17,17,404,601,4886,41,17,32,43,1.34,0,0,0,0,0.0,0,5,2,0,0,2,330,329.7,351.7,346.7,61,6,20
Stefon Diggs,BUF,WR,28,17,17,0,0,0,0,0,0,0,0.0,0,164,103,1225,11.89,10,1,0,10,0,0,183,285.5,288.5,234.0,61,8,21
Ezekiel Elliott,DAL,RB,26,17,17,1,1,4,0,0,237,1002,4.23,10,65,47,287,6.11,2,1,1,12,3,0,205,252.1,259.1,228.6,59,6,22
Dak Prescott,DAL,QB,28,16,16,410,596,4449,37,10,48,146,3.04,1,0,0,0,0.0,0,14,6,1,1,2,321,320.6,342.6,330.6,52,7,23
Nick Chubb,CLE,RB,26,14,14,0,0,0,0,0,228,1259,5.52,8,25,20,174,8.7,1,2,1,9,0,0,195,215.3,222.3,205.3,49,7,24
Mike Williams,LAC,WR,27,16,14,0,0,0,0,0,0,0,0.0,0,129,76,1146,15.08,9,0,0,9,1,0,171,246.6,249.6,208.6,49,9,25
D.K. Metcalf,SEA,WR,24,17,17,0,0,0,0,0,1,6,6.0,0,129,75,967,12.89,12,1,0,12,0,0,169,244.3,247.3,206.8,48,10,26
Tyler Lockett,SEA,WR,29,16,16,0,0,0,0,0,2,9,4.5,0,107,73,1175,16.1,8,0,0,8,1,0,168,241.4,244.4,204.9,47,11,27
Damien Harris,NWE,RB,24,15,15,0,0,0,0,0,202,929,4.6,15,21,18,132,7.33,0,2,2,15,0,0,192,210.1,218.1,201.1,46,8,28
Joe Burrow,CIN,QB,25,16,16,366,520,4611,34,14,40,118,2.95,2,0,0,0,0.0,0,5,2,2,0,1,314,314.2,336.2,328.2,46,8,29
Diontae Johnson,PIT,WR,25,16,14,0,0,0,0,0,5,53,10.6,0,169,107,1161,10.85,8,2,2,8,1,0,167,274.4,279.4,220.9,46,12,30
Jalen Hurts,PHI,QB,23,15,15,265,432,3144,16,9,139,784,5.64,10,1,0,0,0.0,0,9,2,10,0,3,312,312.2,329.2,321.2,44,9,31
Alvin Kamara,NOR,RB,26,13,10,0,0,0,0,0,240,898,3.74,4,67,47,439,9.34,5,0,0,9,0,0,188,234.7,240.7,211.2,42,9,32
Antonio Gibson,WAS,RB,23,16,14,0,0,0,0,0,258,1037,4.02,7,52,42,294,7.0,3,6,4,10,1,0,187,229.1,239.1,208.1,41,10,33
Leonard Fournette,TAM,RB,26,14,13,0,1,0,0,0,180,812,4.51,8,84,69,454,6.58,2,1,0,10,0,0,187,255.6,261.6,221.1,41,11,34
Dalton Schultz,DAL,TE,25,17,15,0,0,0,0,0,0,0,0.0,0,104,78,808,10.36,8,0,0,8,1,0,131,208.8,211.8,169.8,39,3,35
Cordarrelle Patterson,ATL,RB,30,16,13,0,1,0,0,0,153,618,4.04,6,69,52,548,10.54,5,2,0,11,0,0,183,234.6,240.6,208.6,37,12,36
George Kittle,SFO,TE,28,14,14,0,0,0,0,0,3,20,6.67,0,94,71,910,12.82,6,2,1,6,0,0,127,198.0,202.0,162.5,35,4,37
Hunter Renfrow,LVR,WR,26,17,9,0,0,0,0,0,3,3,1.0,0,128,103,1038,10.08,9,5,1,9,0,0,156,259.1,263.1,207.6,35,13,38
CeeDee Lamb,DAL,WR,22,16,13,0,0,0,0,0,9,76,8.44,0,120,79,1102,13.95,6,0,0,6,0,0,154,232.8,235.8,193.3,32,14,39
Kyler Murray,ARI,QB,24,14,14,333,481,3787,24,10,88,423,4.81,5,0,0,7,0.0,0,13,0,5,0,0,300,300.5,316.5,310.5,32,10,40
Kirk Cousins,MIN,QB,33,16,16,372,561,4221,33,7,29,115,3.97,1,0,0,0,0.0,0,12,2,1,0,0,300,300.3,315.3,307.3,32,11,41
Aaron Jones,GNB,RB,27,15,15,0,0,0,0,0,171,799,4.67,4,65,52,391,7.52,6,2,1,10,0,0,177,229.0,236.0,203.0,31,13,42
Keenan Allen,LAC,WR,29,16,16,0,1,0,0,0,0,0,0.0,0,157,106,1138,10.74,6,1,0,6,0,1,152,257.8,260.8,204.8,30,15,43
Derrick Henry,TEN,RB,27,8,8,1,1,5,1,0,219,937,4.28,10,20,18,154,8.56,0,1,0,10,1,0,175,193.3,199.3,184.3,29,14,44
Michael Pittman Jr.,IND,WR,24,17,17,0,0,0,0,0,5,44,8.8,0,129,88,1082,12.3,6,1,0,6,1,0,151,238.6,241.6,194.6,29,16,45
Dalvin Cook,MIN,RB,26,13,13,0,0,0,0,0,249,1159,4.65,6,49,34,224,6.59,0,3,2,6,1,0,172,206.3,214.3,189.3,26,15,46
Josh Jacobs,LVR,RB,23,15,14,0,0,0,0,0,217,872,4.02,9,64,54,348,6.44,0,2,2,9,0,0,172,226.0,234.0,199.0,26,16,47
Rob Gronkowski,TAM,TE,32,12,12,0,0,0,0,0,0,0,0.0,0,89,55,802,14.58,6,0,0,6,0,0,116,171.2,174.2,143.7,25,5,48
Tee Higgins,CIN,WR,22,14,14,0,0,0,0,0,0,0,0.0,0,110,74,1091,14.74,6,1,1,6,1,0,145,219.1,223.1,182.1,24,17,49
Dawson Knox,BUF,TE,25,15,14,0,0,0,0,0,0,4,0.0,0,71,49,587,11.98,9,0,0,9,0,1,115,164.1,167.1,139.6,23,6,50
D.J. Moore,CAR,WR,24,17,17,0,0,0,0,0,8,48,6.0,0,163,93,1157,12.44,4,1,1,4,1,0,145,237.5,241.5,191.0,23,18,51
Chris Godwin,TAM,WR,25,14,14,0,0,0,0,0,4,21,5.25,1,127,98,1103,11.26,5,2,2,6,0,0,144,242.4,247.4,193.4,23,19,52
Hunter Henry,NWE,TE,27,17,10,0,0,0,0,0,0,0,0.0,0,75,50,603,12.06,9,0,0,9,0,0,114,164.3,167.3,139.3,23,7,53
Melvin Gordon,DEN,RB,28,16,16,0,0,0,0,0,203,918,4.52,8,38,28,213,7.61,2,3,3,10,0,0,167,195.1,204.1,181.1,21,17,54
Jaylen Waddle,MIA,WR,23,16,16,0,0,0,0,0,2,3,1.5,1,140,104,1015,9.76,6,2,1,7,0,0,142,245.8,249.8,193.8,20,21,55
Brandin Cooks,HOU,WR,28,16,16,0,0,0,0,0,2,21,10.5,0,134,90,1037,11.52,6,0,0,6,0,0,142,231.8,234.8,186.8,20,20,56
Dallas Goedert,PHI,TE,26,15,14,0,0,0,0,0,0,0,0.0,0,76,56,830,14.82,4,1,0,4,1,0,109,165.0,168.0,137.0,17,8,57
Darnell Mooney,CHI,WR,24,17,14,0,0,0,0,0,6,32,5.33,1,140,81,1055,13.02,4,0,0,5,0,0,139,219.7,222.7,179.2,17,22,58
Kyle Pitts,ATL,TE,21,17,15,0,0,0,0,0,0,0,0.0,0,110,68,1026,15.09,1,0,0,1,0,0,109,176.6,179.6,142.6,17,9,59
Javonte Williams,DEN,RB,21,17,1,0,0,0,0,0,203,903,4.45,4,53,43,316,7.35,3,2,1,7,0,0,162,204.9,211.9,183.4,16,18,60
Amon-Ra St. Brown,DET,WR,22,17,9,0,0,0,0,0,7,61,8.71,1,119,90,912,10.13,5,0,0,6,2,0,137,227.3,230.3,182.3,16,23,61
Zach Ertz,2TM,TE,31,17,14,0,0,0,0,0,1,4,4.0,0,112,74,763,10.31,5,0,0,5,0,0,107,180.7,183.7,143.7,15,10,62
Terry McLaurin,WAS,WR,26,17,17,0,0,0,0,0,1,12,12.0,0,130,77,1053,13.68,5,0,0,5,0,0,137,213.5,216.5,175.0,15,24,63
Marquise Brown,BAL,WR,24,16,16,0,0,0,0,0,1,5,5.0,0,146,91,1008,11.08,6,3,1,6,0,0,135,226.3,230.3,180.8,14,25,64
Amari Cooper,DAL,WR,27,15,14,0,0,0,0,0,0,0,0.0,0,104,68,865,12.72,8,1,0,8,0,0,135,202.5,205.5,168.5,13,26,65
Devin Singletary,BUF,RB,24,17,16,0,0,0,0,0,188,870,4.63,7,50,40,228,5.7,1,5,0,8,0,0,158,197.8,203.8,177.8,12,19,66
Adam Thielen,MIN,WR,31,13,13,0,0,0,0,0,1,2,2.0,0,95,67,726,10.84,10,1,0,10,0,0,133,199.8,202.8,166.3,11,27,67
Christian Kirk,ARI,WR,25,17,11,1,1,33,0,0,1,11,11.0,0,103,77,982,12.75,5,0,0,5,0,0,131,207.6,210.6,169.1,9,28,68
David Montgomery,CHI,RB,24,13,13,0,1,0,0,1,225,849,3.77,7,51,42,301,7.17,0,1,1,7,0,0,153,195.0,203.0,175.0,7,20,69
AJ Dillon,GNB,RB,23,17,2,0,0,0,0,0,187,803,4.29,5,37,34,313,9.21,2,2,1,7,0,0,152,185.6,192.6,168.6,6,21,70
Kendrick Bourne,NWE,WR,26,17,5,1,1,25,1,0,12,125,10.42,0,70,55,800,14.55,5,1,1,5,0,0,126,180.5,187.5,153.0,4,29,71
Darrel Williams,KAN,RB,26,17,7,0,0,0,0,0,144,558,3.88,6,57,47,452,9.62,2,0,0,8,0,0,149,196.0,202.0,172.5,3,22,72
D'Andre Swift,DET,RB,22,13,4,0,1,0,0,0,151,617,4.09,5,78,62,452,7.29,2,2,1,7,0,0,147,208.9,215.9,177.9,1,23,73
Mike Gesicki,MIA,TE,26,17,9,0,1,0,0,0,0,0,0.0,0,112,73,780,10.68,2,0,0,2,1,0,92,165.0,168.0,128.5,0,11,74
Nick Ralston,DAL,0,25,4,0,0,0,0,0,0,0,0,0.0,0,0,0,0,0.0,0,0,0,0,0,0,0,0.0,0.0,0.0,0,2,75
Elijah Mitchell,SFO,RB,23,11,10,0,0,0,0,0,207,963,4.65,5,20,19,137,7.21,1,0,0,6,0,0,146,165.0,171.0,155.5,0,24,76
Tory Carter,TEN,0,22,8,2,0,0,0,0,0,0,0,0.0,0,0,0,0,0.0,0,0,0,0,0,0,0,0.0,0.0,0.0,0,1,77
Ryan Tannehill,TEN,QB,33,17,17,357,531,3734,21,14,55,270,4.91,7,0,0,0,0.0,0,10,4,7,0,1,268,268.4,292.4,282.4,0,12,78
Carson Wentz,IND,QB,29,17,17,322,516,3563,27,7,57,215,3.77,1,0,0,0,0.0,0,8,5,1,0,2,258,258.0,276.0,265.0,0,13,0
Derek Carr,LVR,QB,30,17,17,428,626,4804,23,14,40,108,2.7,0,0,0,0,0.0,0,13,5,0,0,0,257,257.0,282.0,271.0,0,14,0
Russell Wilson,SEA,QB,33,14,14,259,400,3113,25,6,43,183,4.26,2,0,0,0,0.0,0,6,1,2,0,1,243,242.8,255.8,248.8,0,15,0
Lamar Jackson,BAL,QB,24,12,12,246,382,2882,16,13,133,767,5.77,2,0,0,0,0.0,0,6,3,2,0,2,240,240.0,262.0,253.0,0,16,0
Jimmy Garoppolo,SFO,QB,30,15,15,301,441,3810,20,12,38,51,1.34,3,0,0,0,0.0,0,8,3,3,0,1,228,227.5,245.5,239.5,0,17,0
Mac Jones,NWE,QB,23,17,17,352,521,3801,22,13,44,129,2.93,0,0,0,0,0.0,0,7,3,0,0,2,225,224.9,246.9,237.9,0,18,0
Matt Ryan,ATL,QB,36,17,17,375,560,3968,20,12,40,82,2.05,1,0,0,0,0.0,0,11,4,1,1,0,223,222.9,241.9,234.9,0,19,0
Taylor Heinicke,WAS,QB,28,16,15,321,494,3419,20,15,60,313,5.22,1,1,1,-2,-2.0,0,7,2,1,1,0,222,222.9,245.9,237.4,0,20,0
Ben Roethlisberger,PIT,QB,39,16,16,390,605,3740,22,10,20,5,0.25,1,0,0,0,0.0,0,11,5,1,0,2,218,218.1,236.1,228.1,0,21,0
Teddy Bridgewater,DEN,QB,29,14,14,285,426,3052,18,7,30,106,3.53,2,0,0,0,0.0,0,1,1,2,0,1,203,202.7,216.7,209.7,0,22,0
Trevor Lawrence,JAX,QB,22,17,17,359,602,3641,12,17,73,334,4.58,2,0,0,0,0.0,0,9,5,2,0,2,199,199.0,227.0,216.0,0,23,0
Jared Goff,DET,QB,27,14,14,332,494,3245,19,8,17,87,5.12,0,0,0,0,0.0,0,9,6,0,0,4,195,194.5,211.5,202.5,0,24,0
Baker Mayfield,CLE,QB,26,14,14,253,418,3010,17,13,37,134,3.62,1,0,0,11,0.0,0,6,3,1,0,2,181,180.9,202.9,193.9,0,26,0
Tua Tagovailoa,MIA,QB,23,13,12,263,388,2653,16,10,42,128,3.05,3,0,0,0,0.0,0,9,1,3,0,1,181,180.9,197.9,190.9,0,25,0
Daniel Jones,NYG,QB,24,11,11,232,361,2428,10,7,62,298,4.81,2,1,1,16,16.0,0,7,3,2,2,1,167,167.5,183.5,174.0,0,27,0
Sam Darnold,CAR,QB,24,12,11,243,406,2527,9,13,48,222,4.63,5,0,0,0,0.0,0,9,4,5,0,1,157,157.3,180.3,170.3,0,28,0
Davis Mills,HOU,QB,23,13,11,263,394,2664,16,10,18,44,2.44,0,0,0,0,0.0,0,5,1,0,1,1,157,157.0,171.0,167.0,0,29,0
Zach Wilson,NYJ,QB,22,13,13,213,383,2334,9,11,29,185,6.38,4,1,0,0,0.0,0,5,1,4,1,1,152,151.9,169.9,162.9,0,30,0
James Robinson,JAX,RB,23,14,13,0,0,0,0,0,164,767,4.68,8,46,31,222,7.16,0,4,2,8,0,0,143,173.9,181.9,158.4,0,25,0
Darrell Henderson,LAR,RB,24,12,10,0,0,0,0,0,149,688,4.62,5,40,29,176,6.07,3,0,0,8,0,0,134,163.4,169.4,148.9,0,26,0
Justin Fields,CHI,QB,22,12,10,159,270,1870,7,10,72,420,5.83,2,0,0,0,0.0,0,12,5,2,0,0,127,126.8,147.8,136.8,0,31,0
Myles Gaskin,MIA,RB,24,17,10,0,0,0,0,0,173,612,3.54,3,63,49,234,4.78,4,2,1,7,0,0,125,173.6,180.6,149.1,0,28,0
Sony Michel,LAR,RB,26,17,7,0,0,0,0,0,208,845,4.06,4,33,21,128,6.1,1,1,1,5,0,0,125,146.3,153.3,135.8,0,27,0
Tony Pollard,DAL,RB,24,15,0,0,0,0,0,0,130,719,5.53,2,46,39,337,8.64,0,2,0,3,0,0,124,162.6,168.6,143.1,0,29,0
DeVonta Smith,PHI,WR,23,17,16,0,0,0,0,0,0,0,0.0,0,104,64,916,14.31,5,1,1,5,1,0,122,185.6,189.6,153.6,0,30,0
A.J. Brown,TEN,WR,24,13,13,0,2,0,0,0,2,10,5.0,0,105,63,869,13.79,5,0,0,5,0,0,118,180.9,183.9,149.4,0,32,0
Michael Carter,NYJ,RB,22,14,11,0,0,0,0,0,147,639,4.35,4,55,36,325,9.03,0,1,1,4,0,0,118,154.4,161.4,136.4,0,30,0
Taysom Hill,NOR,QB,31,12,9,78,134,978,4,5,70,374,5.34,5,6,4,52,13.0,0,2,0,5,0,0,118,121.7,132.7,124.7,0,32,0
Van Jefferson,LAR,WR,25,17,17,0,0,0,0,0,2,20,10.0,0,89,50,802,16.04,6,0,0,6,0,0,118,168.2,171.2,143.2,0,31,0
Tyler Boyd,CIN,WR,27,16,10,1,1,46,0,0,2,22,11.0,0,94,67,828,12.36,5,1,0,5,0,0,117,183.8,186.8,150.3,0,33,0
Jameis Winston,NOR,QB,27,7,7,95,161,1170,14,3,32,166,5.19,1,0,0,0,0.0,0,2,1,1,0,0,117,117.4,127.4,120.4,0,33,0
Rashaad Penny,SEA,RB,25,10,6,0,0,0,0,0,119,749,6.29,6,8,6,48,8.0,0,0,0,6,0,0,116,121.7,124.7,118.7,0,31,0
Brandon Aiyuk,SFO,WR,23,17,16,0,0,0,0,0,5,17,3.4,0,84,56,826,14.75,5,2,1,5,1,0,114,170.3,174.3,142.3,0,34,0
Devonta Freeman,BAL,RB,29,16,8,0,0,0,0,0,133,576,4.33,5,42,34,190,5.59,1,0,0,6,0,0,113,146.6,152.6,129.6,0,32,0
Chuba Hubbard,CAR,RB,22,17,10,0,0,0,0,0,172,612,3.56,5,37,25,174,6.96,1,1,1,6,0,0,113,137.6,144.6,125.1,0,33,0
K.J. Osborn,MIN,WR,24,17,9,0,0,0,0,0,1,10,10.0,0,82,50,655,13.1,7,0,0,7,0,0,109,158.5,161.5,133.5,0,35,0
Saquon Barkley,NYG,RB,24,13,13,0,0,0,0,0,162,593,3.66,2,57,41,263,6.41,2,2,1,4,0,0,108,148.6,155.6,128.1,0,34,0
Chase Claypool,PIT,WR,23,15,13,0,0,0,0,0,14,96,6.86,0,105,59,860,14.58,2,0,0,2,0,0,108,166.6,169.6,137.1,0,36,0
Marvin Jones,JAX,WR,31,17,16,0,0,0,0,0,0,0,0.0,0,120,73,832,11.4,4,0,0,4,0,0,107,180.2,183.2,143.7,0,37,0
Marquez Callaway,NOR,WR,23,17,11,0,0,0,0,0,0,0,0.0,0,84,46,698,15.17,6,0,0,6,0,0,106,151.8,154.8,128.8,0,38,0
DeAndre Hopkins,ARI,WR,29,10,10,0,0,0,0,0,0,0,0.0,0,64,42,572,13.62,8,0,0,8,0,0,105,147.2,150.2,126.2,0,39,0
Devontae Booker,NYG,RB,29,16,4,0,0,0,0,0,145,593,4.09,2,45,40,268,6.7,1,0,0,3,0,0,104,144.1,150.1,124.1,0,35,0
A.J. Green,ARI,WR,33,16,9,0,0,0,0,0,0,0,0.0,0,92,54,848,15.7,3,0,0,3,0,0,103,156.8,159.8,129.8,0,43,0
Allen Lazard,GNB,WR,26,15,13,0,0,0,0,0,3,32,10.67,0,60,40,513,12.83,8,0,0,8,0,0,103,142.5,145.5,122.5,0,44,0
Jakobi Meyers,NWE,WR,25,17,16,2,2,45,0,0,1,9,9.0,0,126,83,866,10.43,2,1,1,2,2,0,103,186.3,190.3,144.8,0,41,0
Tim Patrick,DEN,WR,28,16,16,0,0,0,0,0,0,0,0.0,0,85,53,734,13.85,5,0,0,5,0,0,103,156.4,159.4,129.9,0,40,0
Cedrick Wilson Jr.,DAL,WR,26,16,4,3,3,88,0,0,2,11,5.5,0,61,45,602,13.38,6,3,0,6,1,0,103,147.8,150.8,125.3,0,42,0
Rhamondre Stevenson,NWE,RB,23,12,2,0,0,0,0,0,133,606,4.56,5,18,14,123,8.79,0,2,1,5,0,0,101,114.9,121.9,107.9,0,36,0
Chase Edmonds,ARI,RB,25,12,11,0,0,0,0,0,116,592,5.1,2,53,43,311,7.23,0,1,1,2,0,0,100,143.3,150.3,121.8,0,37,0
Clyde Edwards-Helaire,KAN,RB,22,10,10,0,0,0,0,0,119,517,4.34,4,23,19,129,6.79,2,2,2,6,1,0,99,117.6,125.6,108.1,0,38,0
Russell Gage,ATL,WR,25,14,9,0,0,0,0,0,0,0,0.0,0,94,66,770,11.67,4,2,2,4,0,0,97,163.0,168.0,130.0,0,45,0
Elijah Moore,NYJ,WR,21,11,6,0,0,0,0,0,5,54,10.8,1,77,43,538,12.51,5,0,0,6,0,0,95,138.2,141.2,116.7,0,46,0
Mike Davis,ATL,RB,28,17,8,0,0,0,0,0,138,503,3.64,3,58,44,259,5.89,1,4,3,4,0,0,94,138.2,147.2,116.2,0,39,0
Alexander Mattison,MIN,RB,23,16,4,0,0,0,0,0,134,491,3.66,3,39,32,228,7.13,1,1,1,4,0,0,94,125.9,132.9,109.9,0,40,0
Latavius Murray,BAL,RB,31,14,6,0,0,0,0,0,119,501,4.21,6,13,10,75,7.5,0,0,0,6,0,0,94,103.6,106.6,98.6,0,42,0
Jamaal Williams,DET,RB,26,13,11,0,0,0,0,0,153,601,3.93,3,28,26,157,6.04,0,1,0,3,0,0,94,119.8,125.8,106.8,0,41,0
Pat Freiermuth,PIT,TE,23,16,9,0,0,0,0,0,0,0,0.0,0,79,60,497,8.28,7,1,1,7,1,0,92,151.7,155.7,121.7,0,12,0
Courtland Sutton,DEN,WR,26,17,16,1,1,16,0,0,0,0,0.0,0,98,58,776,13.38,2,0,0,2,1,0,92,150.2,153.2,121.2,0,47,0
Robert Woods,LAR,WR,29,9,9,0,0,0,0,0,8,46,5.75,1,69,45,556,12.36,4,0,0,5,1,0,92,137.2,140.2,114.7,0,48,0
Gabriel Davis,BUF,WR,22,16,4,0,0,0,0,0,0,0,0.0,0,63,35,549,15.69,6,0,0,6,0,0,91,125.9,128.9,108.4,0,49,0
Noah Fant,DEN,TE,24,16,16,0,0,0,0,0,0,0,0.0,0,90,68,670,9.85,4,0,0,4,0,0,91,159.0,162.0,125.0,0,13,0
Christian McCaffrey,CAR,RB,25,7,7,0,0,0,0,0,99,442,4.46,1,41,37,343,9.27,1,1,0,2,0,0,91,127.5,133.5,109.0,0,44,0
Miles Sanders,PHI,RB,24,12,12,0,0,0,0,0,137,754,5.5,0,34,26,158,6.08,0,1,1,0,1,0,91,117.2,124.2,104.2,0,43,0
Kenneth Gainwell,PHI,RB,22,16,1,0,0,0,0,0,68,291,4.28,5,50,33,253,7.67,1,2,1,6,1,0,90,123.4,130.4,106.9,0,45,0
Emmanuel Sanders,BUF,WR,34,14,13,0,0,0,0,0,2,31,15.5,0,72,42,626,14.9,4,0,0,4,0,0,90,131.7,134.7,110.7,0,50,0
Trevor Siemian,NOR,QB,30,6,4,108,188,1154,11,3,9,20,2.22,1,0,0,0,0.0,0,3,1,1,0,0,90,90.2,97.2,93.2,0,34,0
Kareem Hunt,CLE,RB,26,8,1,0,0,0,0,0,78,386,4.95,5,27,22,174,7.91,0,0,0,5,1,0,88,110.0,116.0,99.0,0,46,0
Robby Anderson,CAR,WR,28,17,16,0,0,0,0,0,3,36,12.0,0,110,53,519,9.79,5,0,0,5,0,0,86,138.5,141.5,112.0,0,51,0
Tyler Higbee,LAR,TE,28,15,15,0,0,0,0,0,0,0,0.0,0,85,61,560,9.18,5,1,0,5,0,0,86,147.0,150.0,116.5,0,14,0
Cam Newton,CAR,QB,32,8,5,69,126,684,4,5,47,230,4.89,5,0,0,0,0.0,0,4,1,5,0,1,86,86.4,98.4,91.4,0,35,0
Boston Scott,PHI,RB,26,16,4,0,0,0,0,0,87,373,4.29,7,16,13,83,6.38,0,1,1,7,0,0,86,98.6,102.6,92.1,0,47,0
Odell Beckham Jr.,2TM,WR,29,14,13,0,0,0,0,0,2,14,7.0,0,82,44,537,12.2,5,0,0,5,0,0,85,129.1,132.1,107.1,0,52,0
D'Onta Foreman,TEN,RB,25,9,3,0,0,0,0,0,133,566,4.26,3,11,9,123,13.67,0,2,1,3,0,0,85,93.9,100.9,89.4,0,49,0
D'Ernest Johnson,CLE,RB,25,17,2,0,0,0,0,0,100,534,5.34,3,25,19,137,7.21,0,1,0,3,0,0,85,104.1,110.1,94.6,0,48,0
J.D. McKissic,WAS,RB,28,11,3,0,0,0,0,0,48,212,4.42,2,53,43,397,9.23,2,0,0,4,0,0,85,127.9,133.9,106.4,0,50,0
Byron Pringle,KAN,WR,28,17,5,0,0,0,0,0,0,0,0.0,0,60,42,568,13.52,5,2,1,5,0,0,85,126.8,130.8,105.8,0,53,0
Jared Cook,LAC,TE,34,16,10,0,0,0,0,0,0,0,0.0,0,83,48,564,11.75,4,0,0,4,2,0,84,132.4,135.4,108.4,0,15,0
Andy Dalton,CHI,QB,34,8,6,149,236,1515,8,9,16,76,4.75,0,0,0,0,0.0,0,1,1,0,0,2,84,84.2,97.2,93.2,0,36,0
T.J. Hockenson,DET,TE,24,12,12,0,0,0,0,0,0,0,0.0,0,84,61,583,9.56,4,0,0,4,1,0,84,145.3,148.3,114.8,0,16,0
Kalif Raymond,DET,WR,27,16,14,0,0,0,0,0,4,28,7.0,0,71,48,576,12.0,4,0,0,4,0,0,84,132.4,135.4,108.4,0,54,0
Brandon Bolden,NWE,RB,31,17,1,0,0,0,0,0,44,226,5.14,1,49,41,405,9.88,2,1,0,3,1,0,83,124.1,130.1,103.6,0,51,0
Tyler Huntley,BAL,QB,23,7,4,122,188,1081,3,4,47,294,6.26,2,0,0,0,0.0,0,4,3,2,0,0,83,82.6,95.6,86.6,0,37,0
Ty Johnson,NYJ,RB,24,16,3,0,0,0,0,0,61,238,3.9,2,55,34,372,10.94,2,2,1,4,0,0,83,117.0,124.0,100.0,0,52,0
Mecole Hardman,KAN,WR,23,17,8,0,0,0,0,0,8,46,5.75,0,83,59,693,11.75,2,3,2,2,0,0,82,140.9,145.9,111.4,0,55,0
Mark Ingram,2TM,RB,32,14,10,0,0,0,0,0,160,554,3.46,2,35,27,162,6.0,0,1,1,2,0,0,82,108.6,115.6,95.1,0,54,0
Zack Moss,BUF,RB,24,13,0,0,0,0,0,0,96,345,3.59,4,32,23,197,8.57,1,2,1,5,0,0,82,105.2,112.2,93.7,0,53,0
Tyrod Taylor,HOU,QB,32,6,6,91,150,966,5,5,19,151,7.95,3,0,0,0,0.0,0,3,0,3,0,0,82,81.7,92.7,86.7,0,38,0
Jarvis Landry,CLE,WR,29,12,12,0,0,0,0,0,6,40,6.67,2,87,52,570,10.96,2,3,2,4,0,0,81,133.0,138.0,107.0,0,56,0
Antonio Brown,TAM,WR,33,7,3,0,0,0,0,0,1,6,6.0,0,62,42,545,12.98,4,0,0,4,0,0,79,121.1,124.1,100.1,0,57,0
Rex Burkhead,HOU,RB,31,16,5,0,1,0,0,0,122,427,3.5,3,32,25,186,7.44,0,1,0,3,0,0,79,104.3,110.3,91.8,0,55,0
C.J. Uzomah,CIN,TE,28,16,16,0,0,0,0,0,0,0,0.0,0,63,49,493,10.06,5,0,0,5,0,0,79,128.3,131.3,103.8,0,17,0
Darren Waller,LVR,TE,29,11,11,0,0,0,0,0,0,0,0.0,0,93,55,665,12.09,2,0,0,2,0,0,79,133.5,136.5,106.0,0,18,0
Cole Beasley,BUF,WR,32,16,8,0,1,0,0,0,0,0,0.0,0,112,82,693,8.45,1,1,0,1,1,0,77,159.3,162.3,118.3,0,58,0
Tyler Conklin,MIN,TE,26,17,15,0,0,0,0,0,0,0,0.0,0,87,61,593,9.72,3,1,0,3,0,0,77,138.3,141.3,107.8,0,19,0
Deonte Harris,NOR,WR,24,13,1,0,0,0,0,0,5,41,8.2,0,59,36,570,15.83,3,2,1,3,0,0,77,113.1,117.1,95.1,0,59,0
Donovan Peoples-Jones,CLE,WR,22,14,9,0,0,0,0,0,0,0,0.0,0,58,34,597,17.56,3,2,1,3,0,0,76,109.7,113.7,92.7,0,60,0
Braxton Berrios,NYJ,WR,26,16,1,0,0,0,0,0,7,40,5.71,2,65,46,431,9.37,2,1,1,5,0,0,75,121.1,125.1,98.1,0,61,0
Bryan Edwards,LVR,WR,23,16,12,0,0,0,0,0,1,0,0.0,0,59,34,571,16.79,3,1,0,3,0,0,75,109.1,112.1,92.1,0,62,0
Kenyan Drake,LVR,RB,27,12,2,0,0,0,0,0,63,254,4.03,2,40,30,291,9.7,1,1,0,3,0,0,73,102.5,108.5,87.5,0,57,0
Nyheim Hines,IND,RB,25,17,4,0,0,0,0,0,56,276,4.93,2,57,40,310,7.75,1,3,2,3,0,0,73,112.6,120.6,92.6,0,56,0
Quez Watkins,PHI,WR,23,17,12,0,0,0,0,0,1,3,3.0,0,62,43,647,15.05,1,0,0,1,1,0,73,116.0,119.0,94.5,0,63,0
Jacoby Brissett,MIA,QB,29,11,5,141,225,1283,5,4,19,70,3.68,1,0,0,0,0.0,0,6,3,1,0,1,72,72.3,82.3,76.3,0,39,0
David Njoku,CLE,TE,25,16,11,0,0,0,0,0,1,1,1.0,0,53,36,475,13.19,4,0,0,4,0,0,72,107.6,110.6,89.6,0,20,0
Corey Davis,NYJ,WR,26,9,9,0,0,0,0,0,0,0,0.0,0,59,34,492,14.47,4,2,1,4,0,0,71,105.2,109.2,88.2,0,64,0
Gerald Everett,SEA,TE,27,15,12,0,0,0,0,0,3,20,6.67,0,63,48,478,9.96,4,2,2,4,0,0,70,117.8,122.8,93.8,0,21,0
Nick Westbrook-Ikhine,TEN,WR,24,16,7,0,0,0,0,0,0,0,0.0,0,57,38,476,12.53,4,1,1,4,0,0,70,107.6,111.6,88.6,0,65,0
Ronald Jones II,TAM,RB,24,16,3,0,0,0,0,0,101,428,4.24,4,13,10,64,6.4,0,2,2,4,0,0,69,79.2,84.2,74.2,0,58,0
Nelson Agholor,NWE,WR,28,15,13,0,0,0,0,0,3,11,3.67,0,64,37,473,12.78,3,0,0,3,0,0,66,103.4,106.4,84.9,0,66,0
Randall Cobb,GNB,WR,31,12,3,0,0,0,0,0,1,1,1.0,0,39,28,375,13.39,5,1,1,5,0,0,66,93.6,97.6,79.6,0,68,0
Jalen Guyton,LAC,WR,24,16,2,0,0,0,0,0,7,34,4.86,0,48,31,448,14.45,3,1,0,3,0,0,66,97.2,100.2,81.7,0,67,0
Khalil Herbert,CHI,RB,23,17,2,0,0,0,0,0,103,433,4.2,2,16,14,96,6.86,0,1,0,2,0,0,65,78.9,81.9,71.9,0,59,0
Trey Lance,SFO,QB,21,6,2,41,71,603,5,2,38,168,4.42,1,0,0,0,0.0,0,0,0,1,1,0,65,64.9,72.9,66.9,0,40,0
Justin Jackson,LAC,RB,25,14,2,0,0,0,0,0,68,364,5.35,2,25,22,178,8.09,0,1,1,2,0,0,64,86.2,93.2,75.2,0,60,0
DeVante Parker,MIA,WR,28,10,8,0,0,0,0,0,0,0,0.0,0,73,40,515,12.88,2,0,0,2,0,0,64,103.5,106.5,83.5,0,70,0
Laviska Shenault Jr.,JAX,WR,23,16,10,0,0,0,0,0,11,41,3.73,0,100,63,619,9.83,0,1,1,0,0,0,64,127.0,131.0,95.5,0,69,0
DeAndre Carter,WAS,WR,28,17,6,0,0,0,0,0,10,89,8.9,0,44,24,296,12.33,3,3,0,4,0,0,63,86.5,89.5,74.5,0,71,0
Freddie Swain,SEA,WR,23,17,8,0,0,0,0,0,5,32,6.4,0,40,25,343,13.72,4,1,0,4,0,0,62,86.5,89.5,74.0,0,72,0
Jordan Howard,PHI,RB,27,7,0,0,0,0,0,0,86,406,4.72,3,5,2,19,9.5,0,0,0,3,0,0,61,62.5,65.5,61.5,0,61,0
Cole Kmet,CHI,TE,22,17,17,0,0,0,0,0,1,0,0.0,0,93,60,612,10.2,0,0,0,0,0,0,61,121.2,124.2,91.2,0,22,0
Henry Ruggs III,LVR,WR,22,7,7,0,0,0,0,0,3,16,5.33,0,36,24,469,19.54,2,0,0,2,0,0,61,84.5,87.5,72.5,0,74,0
Marquez Valdes-Scantling,GNB,WR,27,11,7,0,0,0,0,0,0,0,0.0,0,55,26,430,16.54,3,0,0,3,0,0,61,87.0,90.0,74.0,0,73,0
Alex Collins,SEA,RB,27,11,6,0,0,0,0,0,108,411,3.81,2,10,9,87,9.67,0,1,1,2,0,0,60,68.8,72.8,64.3,0,62,0
Josh Palmer,LAC,WR,23,17,5,0,0,0,0,0,1,6,6.0,0,49,33,353,10.7,4,0,0,4,0,0,60,92.9,95.9,76.4,0,75,0
Jamison Crowder,NYJ,WR,28,12,4,0,0,0,0,0,0,0,0.0,0,71,51,447,8.76,2,1,1,2,1,1,59,109.7,113.7,84.2,0,78,0
Zay Jones,LVR,WR,26,17,9,0,0,0,0,0,2,3,1.5,0,70,47,546,11.62,1,1,1,1,0,0,59,105.9,109.9,82.4,0,76,0
Olamide Zaccheaus,ATL,WR,24,17,8,0,0,0,0,0,1,2,2.0,0,53,31,406,13.1,3,0,0,3,0,0,59,89.8,92.8,74.3,0,77,0
Rashod Bateman,BAL,WR,22,12,4,0,0,0,0,0,0,0,0.0,0,68,46,515,11.2,1,0,0,1,0,0,58,103.5,106.5,80.5,0,80,0
Jauan Jennings,SFO,WR,24,16,1,0,0,0,0,0,0,0,0.0,0,38,24,282,11.75,5,1,0,5,0,0,58,82.2,85.2,70.2,0,79,0
Evan Engram,NYG,TE,27,15,12,0,0,0,0,0,1,-3,-3.0,0,73,46,408,8.87,3,1,1,3,0,0,57,102.5,106.5,79.5,0,23,0
Michael Gallup,DAL,WR,25,9,8,0,0,0,0,0,0,0,0.0,0,62,35,445,12.71,2,0,0,2,0,0,57,91.5,94.5,74.0,0,81,0
Zach Pascal,IND,WR,27,16,13,0,0,0,0,0,2,21,10.5,0,69,38,384,10.11,3,1,1,3,0,0,57,94.5,98.5,75.5,0,82,0
Mo Alie-Cox,IND,TE,28,17,7,0,0,0,0,0,0,0,0.0,0,45,24,316,13.17,4,1,0,4,0,0,56,79.6,82.6,67.6,0,24,0
DeSean Jackson,2TM,WR,35,16,4,0,0,0,0,0,1,4,4.0,0,34,20,454,22.7,2,1,1,2,0,0,56,75.8,79.8,65.8,0,83,0
Samaje Perine,CIN,RB,26,16,0,0,0,0,0,0,55,246,4.47,1,31,27,196,7.26,1,0,0,2,0,0,56,83.2,89.2,69.7,0,63,0
Tre'Quan Smith,NOR,WR,25,11,6,0,0,0,0,0,0,0,0.0,0,50,32,377,11.78,3,1,0,3,0,0,56,87.7,90.7,71.7,0,84,0
Austin Hooper,CLE,TE,27,16,16,0,0,0,0,0,0,0,0.0,0,61,38,345,9.08,3,0,0,3,1,0,55,92.5,95.5,73.5,0,26,0
Duke Johnson,MIA,RB,28,5,4,0,0,0,0,0,71,330,4.65,3,5,4,41,10.25,0,0,0,3,0,0,55,59.1,62.1,57.1,0,64,0
Rondale Moore,ARI,WR,21,14,7,0,0,0,0,0,18,76,4.22,0,64,54,435,8.06,1,3,1,1,0,0,55,109.1,113.1,82.1,0,85,0
Foster Moreau,LVR,TE,24,17,11,0,0,0,0,0,0,0,0.0,0,44,30,373,12.43,3,1,0,3,0,0,55,85.3,88.3,70.3,0,25,0
Dontrell Hilliard,TEN,RB,26,8,5,0,0,0,0,0,56,350,6.25,2,26,19,87,4.58,0,2,1,2,0,0,54,72.7,76.7,63.2,0,65,0
Geno Smith,SEA,QB,31,4,3,65,95,702,5,1,9,42,4.67,1,0,0,0,0.0,0,1,1,1,0,0,54,54.3,59.3,55.3,0,41,0
Ameer Abdullah,2TM,RB,28,17,1,0,0,0,0,0,51,166,3.25,0,53,38,289,7.61,1,0,0,1,0,0,52,89.5,95.5,70.5,0,66,0
Jamal Agnew,JAX,WR,26,10,2,0,0,0,0,0,7,111,15.86,1,39,24,229,9.54,1,1,0,3,0,0,52,76.0,82.0,64.0,0,87,0
Kenny Golladay,NYG,WR,28,14,14,0,0,0,0,0,0,0,0.0,0,76,37,521,14.08,0,0,0,0,0,0,52,89.1,92.1,70.6,0,86,0
Josh Reynolds,2TM,WR,26,12,5,0,0,0,0,0,0,0,0.0,0,49,29,396,13.66,2,0,0,2,0,0,52,80.6,83.6,66.1,0,88,0
Keelan Cole,NYJ,WR,28,15,11,0,1,0,0,0,0,0,0.0,0,51,28,449,16.04,1,0,0,1,0,0,51,78.9,81.9,64.9,0,90,0
Nico Collins,HOU,WR,22,14,8,0,0,0,0,0,0,0,0.0,0,60,33,446,13.52,1,0,0,1,0,0,51,83.6,86.6,67.1,0,91,0
T.Y. Hilton,IND,WR,32,10,9,0,0,0,0,0,0,0,0.0,0,37,23,331,14.39,3,0,0,3,0,0,51,74.1,77.1,62.6,0,89,0
Drew Lock,DEN,QB,25,6,3,67,111,787,2,2,10,53,5.3,2,1,1,1,1.0,0,2,1,2,0,0,51,51.9,57.9,53.4,0,42,0
Jack Doyle,IND,TE,31,17,14,0,0,0,0,0,0,0,0.0,0,43,29,302,10.41,3,0,0,3,1,0,50,79.2,82.2,64.7,0,27,0
Devin Duvernay,BAL,WR,24,16,7,0,0,0,0,0,7,50,7.14,0,47,33,272,8.24,2,1,0,3,0,0,50,83.2,86.2,66.7,0,92,0
Cameron Brate,TAM,TE,30,17,3,0,0,0,0,0,0,0,0.0,0,57,30,245,8.17,4,0,0,4,0,0,49,78.5,81.5,63.5,0,28,0
David Johnson,HOU,RB,30,13,4,0,0,0,0,0,67,228,3.4,0,42,32,225,7.03,1,1,1,1,0,0,49,81.3,88.3,65.3,0,67,0
Julio Jones,TEN,WR,32,10,10,0,0,0,0,0,0,0,0.0,0,48,31,434,14.0,1,0,0,1,0,0,49,80.4,83.4,64.9,0,93,0
Allen Robinson,CHI,WR,28,12,11,0,0,0,0,0,0,0,0.0,0,66,38,410,10.79,1,0,0,1,1,0,49,87.0,90.0,68.0,0,95,0
Laquon Treadwell,JAX,WR,26,12,7,0,0,0,0,0,0,0,0.0,0,51,33,434,13.15,1,0,0,1,0,0,49,82.4,85.4,65.9,0,94,0
Derrick Gore,KAN,RB,27,11,0,0,0,0,0,0,51,256,5.02,2,9,8,105,13.13,0,0,0,2,0,0,48,56.1,62.1,52.1,0,68,0
Jerry Jeudy,DEN,WR,22,10,5,0,0,0,0,0,2,3,1.5,0,56,38,467,12.29,0,1,0,0,0,0,47,85.0,88.0,66.0,0,96,0
Mack Hollins,MIA,WR,28,17,3,0,0,0,0,0,0,0,0.0,0,28,14,223,15.93,4,0,0,4,0,0,46,60.3,63.3,53.3,0,97,0
Travis Homer,SEA,RB,23,14,0,0,0,0,0,0,21,177,8.43,1,20,16,161,10.06,0,0,0,2,0,0,46,61.8,67.8,53.8,0,70,0
Josh Johnson,2TM,QB,35,4,1,57,85,638,5,2,9,28,3.11,0,0,0,0,0.0,0,2,0,0,1,0,46,46.3,51.3,48.3,0,43,0
Jeremy McNichols,TEN,RB,26,14,0,0,0,0,0,0,41,156,3.8,0,38,28,240,8.57,1,0,0,1,0,0,46,73.6,79.6,59.6,0,71,0
Jaret Patterson,WAS,RB,22,17,1,0,0,0,0,0,68,266,3.91,2,11,10,73,7.3,0,1,0,2,0,0,46,55.9,58.9,50.9,0,69,0
Danny Amendola,HOU,WR,36,8,0,0,1,0,0,0,0,0,0.0,0,38,24,248,10.33,3,1,0,3,1,0,45,68.8,71.8,56.8,0,99,0
Anthony Firkser,TEN,TE,26,15,1,0,0,0,0,0,0,0,0.0,0,43,34,291,8.56,2,2,1,3,0,0,45,79.1,83.1,62.1,0,29,0
Jalen Reagor,PHI,WR,22,17,13,0,0,0,0,0,10,32,3.2,0,57,33,299,9.06,2,2,0,2,0,0,45,78.1,81.1,61.6,0,98,0
Damien Williams,CHI,RB,29,12,2,0,0,0,0,0,40,164,4.1,2,23,16,103,6.44,1,0,0,3,0,0,45,60.7,66.7,52.7,0,72,0
Jeff Wilson,SFO,RB,26,9,4,0,0,0,0,0,79,294,3.72,2,8,7,31,4.43,0,1,0,2,0,0,45,51.5,54.5,48.0,0,73,0
Kyle Juszczyk,SFO,RB,30,17,16,0,0,0,0,0,8,22,2.75,1,38,30,296,9.87,1,0,0,2,0,0,44,73.8,76.8,58.8,0,74,0
Demarcus Robinson,KAN,WR,27,17,10,0,0,0,0,0,0,0,0.0,0,41,25,264,10.56,3,0,0,3,0,0,44,69.4,72.4,56.9,0,100,0
Mike White,NYJ,QB,26,4,3,88,132,953,5,8,5,-1,-0.2,0,0,0,0,0.0,0,0,0,0,1,0,44,44.0,55.0,52.0,0,44,0
Chris Conley,HOU,WR,29,16,10,0,0,0,0,0,1,3,3.0,0,37,22,323,14.68,2,1,1,2,0,0,43,64.6,68.6,53.6,0,103,0
Albert Okwuegbunam,DEN,TE,23,14,6,0,0,0,0,0,0,0,0.0,0,40,33,330,10.0,2,1,1,2,0,0,43,76.0,80.0,59.5,0,30,0
Darius Slayton,NYG,WR,24,13,5,0,0,0,0,0,1,-13,-13.0,0,58,26,339,13.04,2,1,1,2,0,0,43,68.6,72.6,55.6,0,104,0
Kadarius Toney,NYG,WR,22,10,4,1,3,19,0,0,3,6,2.0,0,57,39,420,10.77,0,0,0,0,0,0,43,82.4,85.4,62.9,0,102,0
Sammy Watkins,BAL,WR,28,13,9,0,0,0,0,0,0,0,0.0,0,49,27,394,14.59,1,1,1,1,0,0,43,70.4,74.4,56.9,0,101,0
Chris Carson,SEA,RB,27,4,4,0,0,0,0,0,54,232,4.3,3,6,6,29,4.83,0,1,1,3,0,0,42,48.1,52.1,45.1,0,75,0
Sterling Shepard,NYG,WR,28,7,6,0,0,0,0,0,1,-9,-9.0,0,53,36,366,10.17,1,0,0,1,0,0,42,77.7,80.7,59.7,0,106,0
James Washington,PIT,WR,25,15,2,0,0,0,0,0,2,13,6.5,0,44,24,285,11.88,2,0,0,2,0,0,42,65.8,68.8,53.8,0,105,0
Dan Arnold,2TM,TE,26,11,4,0,0,0,0,0,0,0,0.0,0,52,35,408,11.66,0,1,1,0,1,0,41,75.8,79.8,58.3,0,32,0
Harrison Bryant,CLE,TE,23,16,3,0,0,0,0,0,0,0,0.0,0,28,21,233,11.1,3,0,0,3,0,0,41,62.3,65.3,51.8,0,31,0
Tevin Coleman,NYJ,RB,28,11,5,0,0,0,0,0,84,356,4.24,0,16,11,49,4.45,0,0,0,0,0,0,41,51.5,54.5,46.0,0,77,0
Phillip Lindsay,2TM,RB,27,14,1,0,0,0,0,0,88,249,2.83,1,5,4,45,11.25,1,0,0,2,0,0,41,45.4,48.4,43.4,0,76,0
Colt McCoy,ARI,QB,35,8,3,74,99,740,3,1,22,37,1.68,0,0,0,0,0.0,0,4,1,0,0,0,41,41.3,46.3,42.3,0,45,0
Peyton Barber,LVR,RB,27,10,1,0,0,0,0,0,55,212,3.85,2,13,10,67,6.7,0,2,0,2,0,0,40,49.9,52.9,44.9,0,78,0
Juwan Johnson,NOR,TE,25,14,2,0,0,0,0,0,0,0,0.0,0,22,13,159,12.23,4,0,0,4,0,0,40,52.9,55.9,46.4,0,33,0
Calvin Ridley,ATL,WR,27,5,5,0,0,0,0,0,0,0,0.0,0,52,31,281,9.06,2,0,0,2,0,0,40,71.1,74.1,55.6,0,107,0
Damiere Byrd,CHI,WR,28,17,4,0,0,0,0,0,0,0,0.0,0,38,26,329,12.65,1,1,1,1,1,0,39,64.9,68.9,51.9,0,108,0
DeeJay Dallas,SEA,RB,23,17,0,0,0,0,0,0,33,138,4.18,2,23,21,133,6.33,0,1,0,2,0,0,39,60.1,66.1,49.6,0,79,0
Ashton Dulin,IND,WR,24,17,1,0,0,0,0,0,3,32,10.67,0,22,13,173,13.31,2,0,0,3,0,0,39,51.5,54.5,45.0,0,110,0
Donald Parham,LAC,TE,24,14,9,0,0,0,0,0,0,0,0.0,0,27,20,190,9.5,3,0,0,3,1,0,39,59.0,62.0,49.0,0,36,0
Ricky Seals-Jones,WAS,TE,26,13,6,0,0,0,0,0,0,0,0.0,0,49,30,271,9.03,2,0,0,2,0,0,39,69.1,72.1,54.1,0,35,0
Jonnu Smith,NWE,TE,26,16,11,0,0,0,0,0,9,40,4.44,0,45,28,294,10.5,1,1,0,1,0,0,39,67.4,70.4,53.4,0,34,0
Geoff Swaim,TEN,TE,28,16,16,0,0,0,0,0,0,0,0.0,0,40,31,210,6.77,3,0,0,3,0,0,39,70.0,73.0,54.5,0,37,0
Antoine Wesley,ARI,WR,24,15,4,0,0,0,0,0,0,0,0.0,0,32,19,208,10.95,3,0,0,3,0,0,39,57.8,60.8,48.3,0,109,0
Ryan Griffin,NYJ,TE,31,14,12,0,0,0,0,0,0,0,0.0,0,42,27,261,9.67,2,1,0,2,0,0,38,65.1,68.1,51.6,0,38,0
Adam Humphries,WAS,WR,28,17,11,0,0,0,0,0,0,0,0.0,0,62,41,383,9.34,0,0,0,0,0,0,38,79.3,82.3,58.8,0,111,0
Hayden Hurst,ATL,TE,28,13,5,0,0,0,0,0,0,0,0.0,0,31,26,221,8.5,3,3,1,3,0,0,38,64.1,68.1,51.1,0,39,0
Josiah Deguara,GNB,TE,24,16,2,0,0,0,0,0,0,0,0.0,0,33,25,245,9.8,2,0,0,2,0,0,37,61.5,64.5,49.0,0,41,0
Marquise Goodwin,CHI,WR,31,14,2,0,0,0,0,0,2,-1,-0.5,0,40,20,313,15.65,1,1,0,1,0,0,37,57.2,60.2,47.2,0,112,0
Jimmy Graham,CHI,TE,35,15,6,0,0,0,0,0,0,0,0.0,0,23,14,167,11.93,3,0,0,3,1,0,37,50.7,53.7,43.7,0,40,0
Lil'Jordan Humphrey,NOR,WR,23,10,4,0,0,0,0,0,0,0,0.0,0,18,13,249,19.15,2,0,0,2,0,0,37,49.9,52.9,43.4,0,113,0
Dare Ogunbowale,JAX,RB,27,17,2,0,0,0,0,0,43,137,3.19,1,21,13,114,8.77,1,0,0,2,0,0,37,50.1,56.1,43.6,0,80,0
Giovani Bernard,TAM,RB,30,12,0,0,0,0,0,0,8,58,7.25,0,29,23,123,5.35,3,1,0,3,0,0,36,59.1,62.1,47.6,0,81,0
Matt Breida,BUF,RB,26,9,0,0,0,0,0,0,26,125,4.81,1,9,7,72,10.29,2,1,1,3,0,0,36,42.7,46.7,39.2,0,82,0
Tyler Johnson,TAM,WR,23,17,3,0,0,0,0,0,0,0,0.0,0,55,36,360,10.0,0,0,0,0,0,0,36,72.0,75.0,54.0,0,114,0
Brevin Jordan,HOU,TE,21,9,2,0,0,0,0,0,0,0,0.0,0,28,20,178,8.9,3,0,0,3,0,0,36,55.8,58.8,45.8,0,44,0
Durham Smythe,MIA,TE,26,17,12,0,0,0,0,0,2,3,1.5,0,41,34,357,10.5,0,0,0,0,0,0,36,70.0,73.0,53.0,0,43,0
Logan Thomas,WAS,TE,30,6,6,0,0,0,0,0,0,0,0.0,0,25,18,196,10.89,3,1,1,3,0,0,36,53.6,57.6,44.6,0,45,0
Adam Trautman,NOR,TE,24,13,10,0,0,0,0,0,0,0,0.0,0,43,27,263,9.74,2,1,1,2,0,0,36,63.3,67.3,49.8,0,42,0
Chris Evans,CIN,RB,24,14,1,0,0,0,0,0,17,77,4.53,0,17,15,151,10.07,2,0,0,2,0,0,35,49.8,52.8,42.3,0,83,0
Cyril Grayson,TAM,WR,28,5,3,0,0,0,0,0,1,14,14.0,0,12,10,212,21.2,2,0,0,2,0,0,35,44.6,47.6,39.6,0,117,0
Chris Moore,HOU,WR,28,12,1,0,0,0,0,0,0,0,0.0,0,22,21,227,10.81,2,0,0,2,0,0,35,55.7,58.7,45.2,0,116,0
MyCole Pruitt,TEN,TE,29,16,9,0,0,0,0,0,0,0,0.0,0,18,14,145,10.36,3,0,0,3,1,0,35,48.5,51.5,41.5,0,46,0
Chester Rogers,TEN,WR,27,16,2,0,0,0,0,0,1,9,9.0,0,43,30,301,10.03,1,4,1,1,0,0,35,65.0,69.0,50.0,0,115,0
Quintez Cephus,DET,WR,23,5,3,0,0,0,0,0,0,0,0.0,0,22,15,204,13.6,2,0,0,2,1,0,34,49.4,52.4,41.9,0,118,0
Rashard Higgins,CLE,WR,27,15,4,0,0,0,0,0,0,0,0.0,0,47,24,275,11.46,1,0,0,1,0,0,34,57.5,60.5,45.5,0,120,0
Carlos Hyde,JAX,RB,31,12,2,0,0,0,0,0,72,253,3.51,1,21,12,65,5.42,0,2,2,1,0,0,34,45.8,50.8,39.8,0,84,0
Gardner Minshew II,PHI,QB,25,4,2,41,60,439,4,1,9,21,2.33,0,0,0,0,0.0,0,1,0,0,0,0,34,33.7,37.7,34.7,0,46,0
Kyle Rudolph,NYG,TE,32,16,13,0,0,0,0,0,0,0,0.0,0,39,26,257,9.88,1,0,0,1,1,0,34,59.7,62.7,46.7,0,47,0
Cam Sims,WAS,WR,25,14,3,0,0,0,0,0,1,7,7.0,0,23,15,211,14.07,2,0,0,2,0,0,34,48.8,51.8,41.3,0,119,0
Le'Veon Bell,2TM,RB,29,8,0,0,0,0,0,0,39,101,2.59,2,7,5,30,6.0,1,0,0,3,1,0,33,38.1,41.1,35.6,0,85,0
Demetric Felton,CLE,RB,23,16,2,0,0,0,0,0,7,24,3.43,0,21,18,181,10.06,2,4,0,2,0,0,33,50.5,53.5,41.5,0,88,0
Isaiah McKenzie,BUF,WR,26,15,2,0,0,0,0,0,9,47,5.22,1,26,20,178,8.9,1,2,1,2,0,0,33,52.5,56.5,42.5,0,122,0
Tommy Tremble,CAR,TE,21,16,11,0,0,0,0,0,3,11,3.67,1,35,20,180,9.0,1,0,0,2,1,0,33,53.1,56.1,43.1,0,48,0
Malik Turner,DAL,WR,25,14,0,0,0,0,0,0,0,0,0.0,0,16,12,149,12.42,3,0,0,3,0,0,33,44.9,47.9,38.9,0,121,0
Ke'Shawn Vaughn,TAM,RB,24,12,1,0,0,0,0,0,36,180,5.0,2,8,4,26,6.5,0,0,0,2,0,0,33,36.6,39.6,34.6,0,87,0
Ty'Son Williams,BAL,RB,25,13,3,0,0,0,0,0,35,185,5.29,1,12,9,84,9.33,0,1,0,1,0,0,33,41.9,44.9,37.4,0,86,0
Robert Tonyan,GNB,TE,27,8,5,0,0,0,0,0,0,0,0.0,0,29,18,204,11.33,2,0,0,2,0,0,32,50.4,53.4,41.4,0,49,0
John Bates,WAS,TE,24,17,8,0,0,0,0,0,0,0,0.0,0,25,20,249,12.45,1,1,0,1,0,0,31,50.9,53.9,40.9,0,50,0
Mike Glennon,NYG,QB,32,6,4,90,167,790,4,10,7,33,4.71,1,0,0,0,0.0,0,6,3,1,0,0,31,30.9,46.9,40.9,0,47,0
Brandon Zylstra,CAR,WR,28,13,3,0,1,0,0,0,0,0,0.0,0,25,18,250,13.89,1,0,0,1,0,0,31,49.0,52.0,40.0,0,123,0
John Ross,NYG,WR,26,10,1,0,0,0,0,0,1,16,16.0,0,20,11,224,20.36,1,1,0,1,0,0,30,41.0,44.0,35.5,0,124,0
Will Dissly,SEA,TE,25,15,14,0,0,0,0,0,0,0,0.0,0,26,21,231,11.0,1,1,0,1,0,0,29,50.1,53.1,39.6,0,51,0
Jakeem Grant,2TM,WR,29,15,0,0,0,0,0,0,5,33,6.6,0,17,11,132,12.0,2,3,3,3,0,0,29,39.5,45.5,34.0,0,125,0
Case Keenum,CLE,QB,33,7,2,47,72,462,3,1,12,22,1.83,0,0,0,0,0.0,0,1,1,0,0,0,29,28.7,33.7,29.7,0,48,0
Isaiah Ford,MIA,WR,25,13,2,0,0,0,0,0,0,0,0.0,0,17,12,161,13.42,2,0,0,2,0,0,28,40.1,43.1,34.1,0,126,0
Craig Reynolds,DET,RB,25,5,2,0,0,0,0,0,55,230,4.18,0,8,7,52,7.43,0,0,0,0,0,0,28,35.2,38.2,31.7,0,89,0
Greg Ward,PHI,WR,26,17,0,1,2,2,0,0,0,0,0.0,0,11,7,95,13.57,3,0,0,3,0,0,28,34.6,34.6,31.1,0,127,0
Salvon Ahmed,MIA,RB,23,12,0,0,0,0,0,0,54,149,2.76,0,19,12,117,9.75,0,0,0,0,0,0,27,38.6,44.6,32.6,0,91,0
Tavon Austin,JAX,WR,31,13,3,0,0,0,0,0,3,21,7.0,0,37,24,213,8.88,1,1,1,1,0,0,27,51.4,55.4,39.4,0,128,0
DJ Chark,JAX,WR,25,4,4,0,0,0,0,0,0,0,0.0,0,22,7,154,22.0,2,0,0,2,0,0,27,34.4,37.4,30.9,0,129,0
Jamycal Hasty,SFO,RB,25,11,0,0,0,0,0,0,16,68,4.25,1,29,23,157,6.83,0,2,1,1,0,0,27,49.5,53.5,38.0,0,92,0
Ray-Ray McCloud,PIT,WR,25,16,5,0,0,0,0,0,2,15,7.5,0,66,39,277,7.1,0,4,1,0,0,0,27,66.2,70.2,46.7,0,130,0
Elijhaa Penny,NYG,RB,28,17,3,0,0,0,0,0,24,99,4.13,1,13,9,30,3.33,1,0,0,2,1,0,27,35.9,35.9,31.4,0,90,0
James O'Shaughnessy,JAX,TE,29,7,6,0,0,0,0,0,0,0,0.0,0,34,24,244,10.17,0,0,0,0,1,0,26,50.4,53.4,38.4,0,52,0
Royce Freeman,2TM,RB,25,15,0,0,0,0,0,0,56,169,3.02,0,16,10,77,7.7,0,0,0,0,0,0,25,34.6,37.6,29.6,0,94,0
Trey Sermon,SFO,RB,22,9,2,0,0,0,0,0,41,167,4.07,1,4,3,26,8.67,0,0,0,1,0,0,25,28.3,31.3,26.8,0,93,0
Maxx Williams,ARI,TE,27,5,5,0,0,0,0,0,0,0,0.0,0,17,16,193,12.06,1,0,0,1,0,0,25,41.3,44.3,33.3,0,53,0
Tim Boyle,DET,QB,27,5,3,61,94,526,3,6,2,13,6.5,0,0,0,0,0.0,0,1,0,0,0,1,24,24.3,33.3,30.3,0,49,0
Joe Flacco,NYJ,QB,36,2,1,27,42,338,3,0,2,3,1.5,0,0,0,0,0.0,0,1,1,0,0,0,24,23.8,27.8,23.8,0,51,0
Kendall Hinton,DEN,WR,24,16,1,1,1,1,0,0,0,0,0.0,0,23,15,175,11.67,1,0,0,1,0,0,24,38.5,41.5,31.0,0,132,0
Cooper Rush,DAL,QB,28,5,1,30,47,422,3,1,9,-8,-0.89,0,0,0,0,0.0,0,1,1,0,0,0,24,24.1,29.1,25.1,0,50,0
Ihmir Smith-Marsette,MIN,WR,22,8,1,0,0,0,0,0,0,0,0.0,0,6,5,116,23.2,2,0,0,2,0,0,24,28.6,31.6,26.1,0,131,0
Brock Wright,DET,TE,23,10,5,0,0,0,0,0,0,0,0.0,0,17,12,117,9.75,2,0,0,2,0,0,24,35.7,38.7,29.7,0,54,0
Stephen Anderson,LAC,TE,28,17,4,0,0,0,0,0,0,0,0.0,0,19,16,165,10.31,1,0,0,1,0,0,23,38.5,41.5,30.5,0,56,0
Corey Clement,DAL,RB,27,17,0,0,0,0,0,0,33,140,4.24,0,7,6,29,4.83,1,0,0,1,0,0,23,28.9,31.9,25.9,0,95,0
Tyler Kroft,NYJ,TE,29,9,6,0,0,0,0,0,0,0,0.0,0,25,16,173,10.81,1,0,0,1,0,0,23,39.3,42.3,31.3,0,55,0
Jerick McKinnon,KAN,RB,29,13,0,0,0,0,0,0,12,62,5.17,0,20,13,107,8.23,1,0,0,1,0,0,23,35.9,38.9,29.4,0,96,0
Adrian Peterson,2TM,RB,36,4,3,0,0,0,0,0,38,98,2.58,2,4,4,8,2.0,0,1,0,2,0,0,23,26.6,26.6,24.6,0,97,0
Anthony Schwartz,CLE,WR,21,14,2,0,0,0,0,0,6,39,6.5,0,23,10,135,13.5,1,0,0,1,0,0,23,33.4,36.4,28.4,0,133,0
Tajae Sharpe,ATL,WR,27,15,7,0,0,0,0,0,0,0,0.0,0,37,25,230,9.2,0,0,0,0,0,0,23,48.0,51.0,35.5,0,134,0
Albert Wilson,MIA,WR,29,14,5,0,1,0,0,0,4,17,4.25,0,39,25,213,8.52,0,0,0,0,0,0,23,48.0,51.0,35.5,0,135,0
Eno Benjamin,ARI,RB,22,9,0,0,0,0,0,0,34,118,3.47,1,7,6,42,7.0,0,0,0,1,0,0,22,28.0,31.0,25.0,0,98,0
Parris Campbell,IND,WR,24,6,3,0,0,0,0,0,0,0,0.0,0,20,10,162,16.2,1,0,0,1,0,0,22,32.2,35.2,27.2,0,137,0
Blake Jarwin,DAL,TE,27,8,5,0,0,0,0,0,0,0,0.0,0,17,11,96,8.73,2,0,0,2,0,0,22,32.6,32.6,27.1,0,57,0
Jermar Jefferson,DET,RB,21,7,0,0,0,0,0,0,15,74,4.93,2,5,4,23,5.75,0,0,0,2,0,0,22,25.7,25.7,23.7,0,99,0
Breshad Perriman,TAM,WR,28,6,0,0,0,0,0,0,1,-3,-3.0,0,18,11,167,15.18,1,0,0,1,0,0,22,33.4,36.4,27.9,0,136,0
Eric Ebron,PIT,TE,28,8,3,0,0,0,0,0,1,1,1.0,1,18,12,84,7.0,1,0,0,2,0,0,21,32.5,32.5,26.5,0,59,0
Marcedes Lewis,GNB,TE,37,17,17,0,0,0,0,0,0,0,0.0,0,28,23,214,9.3,0,1,0,0,0,0,21,44.4,47.4,32.9,0,58,0
Jordan Love,GNB,QB,23,6,1,36,62,411,2,3,12,27,2.25,0,0,0,0,0.0,0,3,1,0,1,0,21,21.1,28.1,24.1,0,52,0
Malcolm Brown,MIA,RB,28,7,3,0,0,0,0,0,33,125,3.79,1,5,3,10,3.33,0,0,0,1,0,0,20,22.5,25.5,21.0,0,101,0
O.J. Howard,TAM,TE,27,17,9,0,0,0,0,0,0,0,0.0,0,21,14,135,9.64,1,0,0,1,0,0,20,33.5,36.5,26.5,0,60,0
Godwin Igwebuike,DET,RB,27,17,1,0,0,0,0,0,18,118,6.56,1,10,7,60,8.57,0,2,2,1,0,0,20,26.8,31.8,23.3,0,100,0
James Proche,BAL,WR,25,14,0,0,0,0,0,0,0,0,0.0,0,20,16,202,12.63,0,0,0,0,0,0,20,36.2,39.2,28.2,0,138,0
JuJu Smith-Schuster,PIT,WR,25,5,5,0,0,0,0,0,3,9,3.0,1,28,15,129,8.6,0,0,0,1,0,0,20,34.8,37.8,27.3,0,139,0
Kene Nwangwu,MIN,RB,23,11,0,0,0,0,0,0,13,61,4.69,0,5,4,9,2.25,0,0,0,2,0,0,19,23.0,23.0,21.0,0,103,0
Ian Thomas,CAR,TE,25,17,13,0,0,0,0,0,0,0,0.0,0,30,18,188,10.44,0,0,0,0,0,0,19,36.8,39.8,27.8,0,62,0
Nick Vannett,NOR,TE,28,7,2,0,0,0,0,0,0,0,0.0,0,15,9,133,14.78,1,0,0,1,0,0,19,28.3,31.3,23.8,0,61,0
James White,NWE,RB,29,3,0,0,0,0,0,0,10,38,3.8,1,14,12,94,7.83,0,0,0,1,0,0,19,31.2,31.2,25.2,0,102,0
Jordan Akins,HOU,TE,29,13,3,0,0,0,0,0,1,3,3.0,0,33,24,214,8.92,0,2,2,0,0,0,18,41.7,46.7,29.7,0,63,0
Noah Brown,DAL,WR,25,13,1,0,0,0,0,0,0,0,0.0,0,25,16,184,11.5,0,0,0,0,0,0,18,34.4,37.4,26.4,0,140,0
D'Wayne Eskridge,SEA,WR,24,10,0,0,0,0,0,0,4,59,14.75,0,20,10,64,6.4,1,0,0,1,0,0,18,28.3,28.3,23.3,0,141,0
KhaDarel Hodge,DET,WR,26,16,1,0,0,0,0,0,0,0,0.0,0,27,13,157,12.08,0,0,0,0,1,0,18,30.7,33.7,24.2,0,142,0
Mason Rudolph,PIT,QB,26,2,1,35,58,277,1,1,5,53,10.6,0,0,0,0,0.0,0,1,0,0,0,0,18,18.4,19.4,19.4,0,53,0
Mohamed Sanu,SFO,WR,32,8,0,0,0,0,0,0,0,0,0.0,0,24,15,177,11.8,0,0,0,0,0,0,18,32.7,35.7,25.2,0,143,0
Nick Foles,CHI,QB,32,1,1,24,35,250,1,0,4,8,2.0,0,0,0,0,0.0,0,1,0,0,0,1,17,16.8,16.8,16.8,0,54,0
Joe Fortson,KAN,TE,26,6,0,0,0,0,0,0,0,0,0.0,0,5,5,47,9.4,2,0,0,2,0,0,17,21.7,21.7,19.2,0,64,0
Zach Gentry,PIT,TE,25,17,12,0,0,0,0,0,0,0,0.0,0,25,19,167,8.79,0,0,0,0,0,0,17,35.7,38.7,26.2,0,65,0
Tony Jones,NOR,RB,24,11,4,0,0,0,0,0,54,142,2.63,0,8,5,29,5.8,0,0,0,0,0,0,17,22.1,25.1,19.6,0,104,0
Austin Walter,NYJ,RB,25,4,0,0,0,0,0,0,26,101,3.88,1,3,2,9,4.5,0,0,0,1,0,0,17,19.0,22.0,18.0,0,105,0
Jonathan Williams,WAS,RB,27,5,0,0,0,0,0,0,17,79,4.65,1,6,4,28,7.0,0,0,0,1,0,0,17,20.7,20.7,18.7,0,106,0
Dyami Brown,WAS,WR,22,15,6,0,0,0,0,0,1,-4,-4.0,0,25,12,165,13.75,0,0,0,0,0,0,16,28.1,31.1,22.1,0,146,0
C.J. Ham,MIN,RB,28,17,8,0,0,0,0,0,7,34,4.86,0,18,17,125,7.35,0,0,0,0,0,0,16,32.9,35.9,24.4,0,107,0
N'Keal Harry,NWE,WR,24,12,4,0,0,0,0,0,0,0,0.0,0,22,12,184,15.33,0,1,1,0,0,0,16,28.4,32.4,22.4,0,144,0
Marcus Johnson,TEN,WR,27,7,3,0,0,0,0,0,2,-2,-1.0,0,19,9,160,17.78,0,0,0,0,0,0,16,24.8,27.8,20.3,0,147,0
Terrace Marshall Jr.,CAR,WR,21,13,3,0,0,0,0,0,0,0,0.0,0,30,17,138,8.12,0,0,0,0,1,0,16,32.8,35.8,24.3,0,148,0
Qadree Ollison,ATL,RB,25,8,0,0,0,0,0,0,21,105,5.0,1,6,4,12,3.0,0,1,1,1,0,0,16,19.7,23.7,17.7,0,108,0
Kristian Wilkerson,NWE,WR,24,3,1,0,0,0,0,0,0,0,0.0,0,8,4,42,10.5,2,0,0,2,0,0,16,20.2,20.2,18.2,0,145,0
Pharaoh Brown,HOU,TE,27,15,12,0,0,0,0,0,0,0,0.0,0,34,23,171,7.43,0,1,1,0,0,0,15,38.1,42.1,26.6,0,66,0
Alec Ingold,LVR,RB,25,9,3,0,0,0,0,0,2,1,0.5,0,12,10,85,8.5,1,0,0,1,0,0,15,24.6,24.6,19.6,0,110,0
Marcus Mariota,LVR,QB,28,10,0,1,2,4,0,0,13,87,6.69,1,0,0,0,0.0,0,1,0,1,0,0,15,14.9,14.9,14.9,0,55,0
Dante Pettis,NYG,WR,26,3,0,1,1,16,0,0,0,0,0.0,0,16,10,87,8.7,1,1,0,1,0,0,15,25.3,25.3,20.3,0,149,0
Larry Rountree,LAC,RB,22,12,0,0,0,0,0,0,36,87,2.42,1,2,1,-1,-1.0,0,0,0,1,0,0,15,15.6,15.6,15.1,0,111,0
Trent Sherfield,SFO,WR,25,17,1,0,0,0,0,0,0,0,0.0,0,20,9,87,9.67,1,0,0,1,0,0,15,23.7,23.7,19.2,0,150,0
J.J. Taylor,NWE,RB,23,5,0,0,0,0,0,0,19,37,1.95,2,4,4,8,2.0,0,1,1,2,0,0,15,18.5,19.5,16.5,0,112,0
Patrick Taylor,GNB,RB,23,9,0,0,0,0,0,0,23,89,3.87,1,2,2,3,1.5,0,0,0,1,0,0,15,17.2,17.2,16.2,0,109,0
Brandon Allen,CIN,QB,29,6,1,17,34,149,2,0,7,-1,-0.14,0,0,0,0,0.0,0,1,0,0,0,0,14,13.9,13.9,13.9,0,56,0
Jesper Horsted,CHI,TE,24,7,0,0,0,0,0,0,0,0,0.0,0,3,2,21,10.5,2,0,0,2,0,0,14,16.1,16.1,15.1,0,67,0
Scott Miller,TAM,WR,24,9,0,0,0,0,0,0,2,43,21.5,1,9,5,38,7.6,0,0,0,1,0,0,14,19.1,19.1,16.6,0,151,0
Ty Montgomery,NOR,WR,28,14,3,0,0,0,0,0,15,44,2.93,0,26,16,95,5.94,0,0,0,0,0,0,14,29.9,29.9,21.9,0,152,0
P.J. Walker,CAR,QB,26,5,1,36,66,362,1,3,7,13,1.86,0,0,0,0,0.0,0,3,1,0,0,1,14,13.8,20.8,16.8,0,57,0
Wayne Gallman,2TM,RB,27,8,0,0,0,0,0,0,28,104,3.71,0,3,1,21,21.0,0,0,0,0,0,0,13,13.5,16.5,13.0,0,114,0
Chris Manhertz,JAX,TE,29,17,10,0,0,0,0,0,0,0,0.0,0,9,6,71,11.83,1,0,0,1,0,0,13,19.1,19.1,16.1,0,68,0
Sean Mannion,MIN,QB,29,1,1,22,36,189,1,0,2,14,7.0,0,0,0,0,0.0,0,0,0,0,0,0,13,13.0,13.0,13.0,0,58,0
Denzel Mims,NYJ,WR,24,11,3,0,0,0,0,0,0,0,0.0,0,23,8,133,16.63,0,0,0,0,0,0,13,21.3,24.3,17.3,0,153,0
Patrick Ricard,BAL,RB,27,13,11,0,0,0,0,0,2,4,2.0,0,13,8,63,7.88,1,0,0,1,0,0,13,20.7,20.7,16.7,0,113,0
Ben Skowronek,LAR,WR,24,14,1,0,0,0,0,0,0,0,0.0,0,20,11,133,12.09,0,0,0,0,0,0,13,24.3,27.3,18.8,0,154,0
Lee Smith,ATL,TE,34,16,6,0,0,0,0,0,0,0,0.0,0,11,9,65,7.22,1,0,0,1,0,0,13,21.5,21.5,17.0,0,69,0
Kenny Stills,NOR,WR,29,13,4,0,0,0,0,0,1,1,1.0,0,23,6,68,11.33,1,0,0,1,0,0,13,18.9,18.9,15.9,0,155,0
Michael Burton,KAN,RB,29,16,0,0,0,0,0,0,8,26,3.25,1,3,3,31,10.33,0,0,0,1,0,0,12,14.7,14.7,13.2,0,116,0
Jacob Hollister,JAX,TE,28,7,2,0,0,0,0,0,0,0,0.0,0,14,9,55,6.11,1,0,0,1,0,0,12,20.5,20.5,16.0,0,71,0
Brian Hoyer,NWE,QB,36,5,0,9,11,227,1,0,11,-8,-0.73,0,0,0,0,0.0,0,0,0,0,0,0,12,12.3,12.3,12.3,0,59,0
Jesse James,CHI,TE,27,14,9,0,0,0,0,0,0,0,0.0,0,8,7,62,8.86,1,0,0,1,0,0,12,19.2,19.2,15.7,0,70,0
Joshua Kelley,LAC,RB,24,10,0,0,0,0,0,0,33,102,3.09,0,6,5,38,7.6,0,1,1,0,0,0,12,17.0,21.0,14.5,0,115,0
Tom Kennedy,DET,WR,25,12,0,1,1,75,1,0,0,0,0.0,0,10,6,54,9.0,0,0,0,0,0,0,12,18.4,18.4,15.4,0,156,0
Antony Auclair,HOU,TE,28,16,13,0,0,0,0,0,0,0,0.0,0,5,5,47,9.4,1,0,0,1,0,0,11,15.7,15.7,13.2,0,74,0
Phillip Dorsett,3TM,WR,28,6,0,0,0,0,0,0,1,0,0.0,0,14,7,110,15.71,0,0,0,0,0,0,11,18.0,21.0,14.5,0,159,0
Ross Dwelley,SFO,TE,26,17,2,0,0,0,0,0,0,0,0.0,0,5,4,51,12.75,1,0,0,1,0,0,11,15.1,15.1,13.1,0,72,0
Dez Fitzpatrick,TEN,WR,24,4,0,0,0,0,0,0,0,0,0.0,0,8,5,49,9.8,1,0,0,1,0,0,11,15.9,15.9,13.4,0,160,0
Jake Fromm,NYG,QB,23,3,2,27,60,210,1,3,8,65,8.13,0,0,0,0,0.0,0,2,1,0,0,0,11,10.9,14.9,13.9,0,60,0
Kylen Granson,IND,TE,23,17,0,0,0,0,0,0,0,0,0.0,0,15,11,106,9.64,0,0,0,0,0,0,11,21.6,24.6,16.1,0,76,0
Collin Johnson,NYG,WR,24,12,1,0,0,0,0,0,0,0,0.0,0,21,11,105,9.55,0,0,0,0,0,0,11,21.5,24.5,16.0,0,161,0
Marlon Mack,IND,RB,25,6,0,0,0,0,0,0,28,101,3.61,0,5,2,8,4.0,0,0,0,0,0,0,11,12.9,15.9,11.9,0,119,0
Jalen Richard,LVR,RB,28,10,0,0,0,0,0,0,9,40,4.44,0,14,12,72,6.0,0,0,0,0,0,0,11,23.2,23.2,17.2,0,117,0
Eric Saubert,DEN,TE,27,17,4,0,0,0,0,0,0,0,0.0,0,12,8,47,5.88,1,0,0,1,0,0,11,18.7,18.7,14.7,0,75,0
Adam Shaheen,MIA,TE,27,12,7,0,0,0,0,0,0,0,0.0,0,16,12,110,9.17,0,0,0,0,0,0,11,23.0,26.0,17.0,0,73,0
Jeff Smith,NYJ,WR,24,12,3,0,0,0,0,0,1,-1,-1.0,0,17,8,113,14.13,0,0,0,0,0,0,11,19.2,22.2,15.2,0,157,0
Benny Snell Jr.,PIT,RB,23,17,0,0,0,0,0,0,36,98,2.72,0,4,2,13,6.5,0,0,0,0,0,0,11,13.1,13.1,12.1,0,118,0
Equanimeous St. Brown,GNB,WR,25,13,2,0,0,0,0,0,3,14,4.67,0,17,9,98,10.89,0,0,0,0,0,0,11,20.2,20.2,15.7,0,158,0
Ryquell Armstead,JAX,RB,25,2,0,0,0,0,0,0,15,80,5.33,0,4,3,16,5.33,0,0,0,0,0,0,10,12.6,12.6,11.1,0,121,0
Blake Bell,KAN,TE,30,16,5,0,0,0,0,0,4,10,2.5,0,13,9,87,9.67,0,0,0,0,0,0,10,18.7,18.7,14.2,0,79,0
Trinity Benson,DET,WR,24,8,2,0,0,0,0,0,0,0,0.0,0,22,10,103,10.3,0,0,0,0,0,0,10,20.3,23.3,15.3,0,162,0
Jason Cabinda,DET,RB,25,14,4,0,0,0,0,0,3,23,7.67,0,7,4,16,4.0,1,0,0,1,0,0,10,13.9,13.9,11.9,0,120,0
Noah Gray,KAN,TE,22,16,1,0,0,0,0,0,0,0,0.0,0,10,7,36,5.14,1,0,0,1,0,0,10,16.6,16.6,13.1,0,80,0
Chris Herndon,MIN,TE,25,16,5,0,0,0,0,0,0,0,0.0,0,7,4,40,10.0,1,0,0,1,0,0,10,14.0,14.0,12.0,0,78,0
Chris Hogan,NOR,WR,34,5,1,0,0,0,0,0,0,0,0.0,0,8,4,41,10.25,1,0,0,1,0,0,10,14.1,14.1,12.1,0,163,0
Nick Mullens,CLE,QB,26,1,1,20,30,147,1,0,0,0,0.0,0,0,0,0,0.0,0,0,0,0,0,0,10,9.9,9.9,9.9,0,61,0
Shi Smith,CAR,WR,23,6,0,0,0,0,0,0,1,-3,-3.0,0,11,6,104,17.33,0,0,0,0,0,0,10,16.1,19.1,13.1,0,164,0
Tommy Sweeney,BUF,TE,26,13,3,0,0,0,0,0,0,0,0.0,0,12,9,44,4.89,1,1,0,1,0,0,10,19.4,19.4,14.9,0,77,0
Auden Tate,CIN,WR,24,7,0,0,0,0,0,0,0,0,0.0,0,4,3,39,13.0,1,0,0,1,0,0,10,12.9,12.9,11.4,0,165,0
Cameron Batson,TEN,WR,26,4,0,0,0,0,0,0,2,15,7.5,0,5,2,15,7.5,1,0,0,1,0,0,9,11.0,11.0,10.0,0,167,0
Josh Gordon,KAN,WR,30,12,7,0,0,0,0,0,0,0,0.0,0,14,5,32,6.4,1,0,0,1,0,0,9,14.2,14.2,11.7,0,166,0
JaQuan Hardy,DAL,RB,24,3,0,0,0,0,0,0,4,29,7.25,1,0,0,0,0.0,0,0,0,1,0,0,9,8.9,8.9,8.9,0,123,0
Deon Jackson,IND,RB,22,9,0,0,0,0,0,0,13,31,2.38,1,0,0,0,0.0,0,0,0,1,0,0,9,9.1,9.1,9.1,0,122,0
Andy Janovich,CLE,RB,28,13,3,0,0,0,0,0,2,0,0.0,1,4,3,9,3.0,0,0,0,1,1,0,9,11.9,11.9,10.4,0,124,0
Sean McKeon,DAL,TE,24,9,2,0,0,0,0,0,0,0,0.0,0,6,4,27,6.75,1,0,0,1,0,0,9,12.7,12.7,10.7,0,81,0
Anthony Miller,2TM,WR,27,3,1,0,0,0,0,0,0,0,0.0,0,12,6,25,4.17,1,0,0,1,0,0,9,14.5,14.5,11.5,0,168,0
Keith Smith,ATL,RB,29,17,8,0,0,0,0,0,9,31,3.44,0,10,9,56,6.22,0,0,0,0,0,0,9,17.7,17.7,13.2,0,125,0
Kyle Allen,WAS,QB,25,2,0,12,19,120,1,0,2,11,5.5,0,0,0,0,0.0,0,1,1,0,0,0,8,7.9,8.9,7.9,0,63,0
Alex Armah,2TM,RB,27,11,2,0,0,0,0,0,5,21,4.2,0,1,1,1,1.0,1,0,0,1,0,0,8,9.2,9.2,8.7,0,126,0
Garrett Gilbert,WAS,QB,30,1,1,20,31,194,0,0,0,0,0.0,0,0,0,0,0.0,0,1,0,0,0,0,8,7.8,7.8,7.8,0,64,0
Tyree Jackson,PHI,TE,24,9,3,0,0,0,0,0,0,0,0.0,0,7,3,22,7.33,1,0,0,1,0,0,8,11.2,11.2,9.7,0,82,0
Chris Myarick,NYG,TE,26,8,3,0,0,0,0,0,0,0,0.0,0,6,3,17,5.67,1,0,0,1,0,0,8,10.7,10.7,9.2,0,84,0
Dezmon Patmon,IND,WR,23,8,0,0,0,0,0,0,0,0,0.0,0,4,2,21,10.5,1,0,0,1,0,0,8,10.1,10.1,9.1,0,169,0
Drew Sample,CIN,TE,25,17,8,0,0,0,0,0,0,0,0.0,0,15,11,81,7.36,0,0,0,0,0,0,8,19.1,19.1,13.6,0,83,0
Mitchell Trubisky,BUF,QB,27,6,0,6,8,43,0,1,13,24,1.85,1,0,0,0,0.0,0,0,0,1,0,0,8,8.1,9.1,9.1,0,62,0
Preston Williams,MIA,WR,24,8,3,0,0,0,0,0,1,7,7.0,0,16,6,71,11.83,0,0,0,0,0,0,8,13.8,13.8,10.8,0,170,0
KJ Hamler,DEN,WR,22,3,2,0,0,0,0,0,0,0,0.0,0,10,5,74,14.8,0,0,0,0,0,0,7,12.4,12.4,9.9,0,171,0
Josh Oliver,BAL,TE,24,14,1,0,0,0,0,0,0,0,0.0,0,15,9,66,7.33,0,1,0,0,0,0,7,15.6,15.6,11.1,0,85,0
Andre Roberts,2TM,WR,33,16,0,0,0,0,0,0,3,19,6.33,0,2,1,35,35.0,0,3,2,1,0,0,7,8.4,10.4,7.9,0,172,0
Johnny Stanton,CLE,RB,27,4,0,0,0,0,0,0,3,5,1.67,0,2,2,7,3.5,1,0,0,1,0,0,7,9.2,9.2,8.2,0,127,0
Jonathan Ward,ARI,RB,24,13,0,0,0,0,0,0,9,33,3.67,0,4,3,34,11.33,0,0,0,0,0,0,7,9.7,9.7,8.2,0,128,0
Dede Westbrook,MIN,WR,28,15,0,0,0,0,0,0,0,0,0.0,0,15,10,68,6.8,0,2,0,0,0,0,7,16.8,16.8,11.8,0,173,0
C.J. Board,NYG,WR,28,6,1,0,0,0,0,0,1,6,6.0,0,6,4,51,12.75,0,0,0,0,0,0,6,9.7,9.7,7.7,0,178,0
Mike Boone,DEN,RB,26,8,0,0,0,0,0,0,4,35,8.75,0,2,2,22,11.0,0,0,0,0,0,0,6,7.7,7.7,6.7,0,130,0
Ja'Marcus Bradley,CLE,WR,25,5,0,0,0,0,0,0,0,0,0.0,0,4,4,64,16.0,0,0,0,0,0,0,6,10.4,10.4,8.4,0,174,0
Alex Erickson,CAR,WR,29,17,0,0,0,0,0,0,0,0,0.0,0,4,3,55,18.33,0,0,0,0,0,0,6,8.5,8.5,7.0,0,181,0
Luke Farrell,JAX,TE,24,15,4,0,0,0,0,0,0,0,0.0,0,11,7,56,8.0,0,1,0,0,0,0,6,12.6,12.6,9.1,0,86,0
Penny Hart,SEA,WR,25,17,0,0,0,0,0,0,0,0,0.0,0,12,7,59,8.43,0,0,0,0,0,0,6,12.9,12.9,9.4,0,177,0
Dax Milne,WAS,WR,22,13,1,0,0,0,0,0,1,1,1.0,0,14,9,83,9.22,0,1,1,0,0,0,6,15.4,16.4,10.9,0,175,0
Jason Moore,LAC,WR,26,2,1,0,0,0,0,0,0,0,0.0,0,4,3,56,18.67,0,0,0,0,0,0,6,8.6,8.6,7.1,0,179,0
Brandon Powell,LAR,0,26,6,0,0,0,0,0,0,0,0,0.0,0,0,0,0,0.0,0,0,0,1,0,0,6,6.0,6.0,6.0,0,176,0
Amari Rodgers,GNB,WR,22,16,1,0,0,0,0,0,1,11,11.0,0,8,4,45,11.25,0,2,0,0,0,0,6,9.6,9.6,7.6,0,180,0
Ito Smith,DAL,RB,26,1,0,0,0,0,0,0,1,4,4.0,1,0,0,0,0.0,0,0,0,1,0,0,6,6.4,6.4,6.4,0,129,0
Trayveon Williams,CIN,RB,24,5,0,0,0,0,0,0,15,51,3.4,0,2,1,4,4.0,0,0,0,0,0,0,6,6.5,6.5,6.0,0,131,0
Jaelon Darden,TAM,WR,22,9,0,0,0,0,0,0,1,11,11.0,0,12,6,43,7.17,0,0,0,0,0,0,5,11.4,11.4,8.4,0,182,0
Will Fuller,MIA,WR,27,2,0,0,0,0,0,0,0,0,0.0,0,8,4,26,6.5,0,0,0,0,1,0,5,8.6,8.6,6.6,0,184,0
Jason Huntley,PHI,RB,23,1,0,0,0,0,0,0,13,51,3.92,0,1,0,0,0.0,0,0,0,0,0,0,5,5.1,5.1,5.1,0,132,0
Tre' McKitty,LAC,TE,22,11,4,0,0,0,0,0,0,0,0.0,0,8,6,45,7.5,0,0,0,0,0,0,5,10.5,10.5,7.5,0,88,0
Wendell Smallwood,WAS,RB,27,3,0,0,0,0,0,0,5,25,5.0,0,5,4,22,5.5,0,0,0,0,0,0,5,8.7,8.7,6.7,0,134,0
Rodney Smith,CAR,RB,25,2,0,0,0,0,0,0,0,0,0.0,0,5,5,48,9.6,0,0,0,0,0,0,5,9.8,9.8,7.3,0,133,0
Mike Thomas,CIN,WR,27,12,1,0,0,0,0,0,0,0,0.0,0,11,5,52,10.4,0,0,0,0,0,0,5,10.2,10.2,7.7,0,183,0
Charlie Woerner,SFO,TE,24,17,3,0,0,0,0,0,0,0,0.0,0,6,5,52,10.4,0,0,0,0,0,0,5,10.2,10.2,7.7,0,87,0
JJ Arcega-Whiteside,PHI,WR,25,16,2,0,0,0,0,0,0,0,0.0,0,5,2,36,18.0,0,0,0,0,0,0,4,5.6,5.6,4.6,0,192,0
Kalen Ballage,PIT,RB,26,17,0,0,0,0,0,0,12,36,3.0,0,7,2,8,4.0,0,0,0,0,0,0,4,6.4,6.4,5.4,0,135,0
Kendall Blanton,LAR,TE,26,11,2,0,0,0,0,0,0,0,0.0,0,7,4,37,9.25,0,1,0,0,0,0,4,7.7,7.7,5.7,0,92,0
Pharoh Cooper,NYG,WR,26,8,0,0,0,0,0,0,1,3,3.0,0,11,4,33,8.25,0,0,0,0,0,0,4,7.6,7.6,5.6,0,193,0
Tyler Davis,GNB,TE,24,14,0,0,0,0,0,0,0,0,0.0,0,5,4,35,8.75,0,0,0,0,0,0,4,7.5,7.5,5.5,0,94,0
Greg Dortch,ARI,WR,23,5,2,0,0,0,0,0,1,24,24.0,0,3,3,15,5.0,0,0,0,0,0,0,4,6.9,6.9,5.4,0,187,0
Darren Fells,2TM,TE,35,9,5,0,0,0,0,0,0,0,0.0,0,5,4,43,10.75,0,0,0,0,0,0,4,8.3,8.3,6.3,0,89,0
Garrett Griffin,NOR,TE,27,13,6,0,0,0,0,0,0,0,0.0,0,4,4,39,9.75,0,1,0,0,0,0,4,7.9,7.9,5.9,0,91,0
Parker Hesse,ATL,TE,26,8,1,0,0,0,0,0,0,0,0.0,0,6,5,43,8.6,0,0,0,0,0,0,4,9.3,9.3,6.8,0,90,0
Jakob Johnson,NWE,RB,27,17,6,0,0,0,0,0,0,0,0.0,0,5,4,43,10.75,0,0,0,0,0,0,4,8.3,8.3,6.3,0,136,0
D.J. Montgomery,NYJ,WR,25,3,0,0,0,0,0,0,0,0,0.0,0,6,3,36,12.0,0,0,0,0,0,0,4,6.6,6.6,5.1,0,194,0
Gunner Olszewski,NWE,WR,25,16,0,0,0,0,0,0,1,9,9.0,0,3,2,31,15.5,0,3,0,0,0,0,4,6.0,6.0,5.0,0,186,0
Curtis Samuel,WAS,WR,25,5,1,0,0,0,0,0,4,11,2.75,0,9,6,27,4.5,0,0,0,0,0,0,4,9.8,9.8,6.8,0,188,0
Willie Snead,2TM,WR,29,9,0,0,0,0,0,0,0,0,0.0,0,8,4,38,9.5,0,0,0,0,0,0,4,7.8,7.8,5.8,0,189,0
Trent Taylor,CIN,WR,27,4,0,0,0,0,0,0,0,0,0.0,0,3,2,41,20.5,0,0,0,0,0,0,4,6.1,6.1,5.1,0,185,0
Trevon Wesco,NYJ,TE,26,12,7,0,0,0,0,0,0,0,0.0,0,5,3,35,11.67,0,0,0,0,0,0,4,6.5,6.5,5.0,0,95,0
Kevin White,NOR,WR,29,6,1,0,0,0,0,0,0,0,0.0,0,5,1,38,38.0,0,0,0,0,0,0,4,4.8,4.8,4.3,0,190,0
Juwann Winfree,GNB,WR,25,7,0,0,0,0,0,0,0,0,0.0,0,13,8,58,7.25,0,2,1,0,0,0,4,11.8,12.8,7.8,0,191,0
Kenny Yeboah,NYJ,TE,23,9,0,0,0,0,0,0,0,0,0.0,0,3,2,36,18.0,0,0,0,0,0,0,4,5.6,5.6,4.6,0,93,0
Christian Blake,ATL,WR,25,16,0,0,0,0,0,0,0,0,0.0,0,9,4,25,6.25,0,0,0,0,0,0,3,6.5,6.5,4.5,0,203,0
Daniel Brown,NYJ,WR,29,12,0,0,0,0,0,0,0,0,0.0,0,2,2,29,14.5,0,0,0,0,0,0,3,4.9,4.9,3.9,0,200,0
Dominique Dafney,GNB,TE,24,10,2,0,0,0,0,0,0,0,0.0,0,4,2,34,17.0,0,0,0,0,0,0,3,5.4,5.4,4.4,0,96,0
Reggie Gilliam,BUF,RB,24,16,5,0,0,0,0,0,3,3,1.0,0,5,3,23,7.67,0,0,0,0,0,0,3,5.6,5.6,4.1,0,140,0
Chad Henne,KAN,QB,36,4,0,11,16,82,0,0,8,0,0.0,0,0,0,0,0.0,0,2,0,0,0,0,3,3.3,3.3,3.3,0,65,0
K.J. Hill,LAC,WR,24,6,0,0,0,0,0,0,0,0,0.0,0,3,3,30,10.0,0,0,0,0,0,0,3,6.0,6.0,4.5,0,199,0
Kylin Hill,GNB,RB,23,8,0,0,0,0,0,0,10,24,2.4,0,2,1,5,5.0,0,0,0,0,0,0,3,3.9,3.9,3.4,0,138,0
Cody Hollister,TEN,WR,28,3,1,0,0,0,0,0,0,0,0.0,0,7,4,33,8.25,0,0,0,0,0,0,3,7.3,7.3,5.3,0,197,0
Tommy Hudson,TEN,TE,24,5,0,0,0,0,0,0,0,0,0.0,0,6,3,31,10.33,0,0,0,0,0,0,3,6.1,6.1,4.6,0,100,0
Trenton Irwin,CIN,WR,26,7,0,0,0,0,0,0,0,0,0.0,0,5,2,34,17.0,0,0,0,0,0,0,3,5.4,5.4,4.4,0,195,0
Jake Kumerow,BUF,WR,29,15,2,0,0,0,0,0,0,0,0.0,0,6,2,28,14.0,0,0,0,0,0,0,3,4.8,4.8,3.8,0,201,0
Gabe Nabers,LAC,RB,24,10,1,0,0,0,0,0,3,8,2.67,0,3,3,17,5.67,0,0,0,0,0,0,3,5.5,5.5,4.0,0,141,0
Colby Parkinson,SEA,TE,22,14,1,0,0,0,0,0,0,0,0.0,0,8,5,33,6.6,0,0,0,0,0,0,3,8.3,8.3,5.8,0,98,0
La'Mical Perine,NYJ,RB,23,4,0,0,0,0,0,0,8,31,3.88,0,0,0,0,0.0,0,0,0,0,0,0,3,3.1,3.1,3.1,0,137,0
Kaden Smith,NYG,TE,24,9,4,0,0,0,0,0,0,0,0.0,0,3,3,33,11.0,0,0,0,0,0,0,3,6.3,6.3,4.8,0,99,0
Jeremy Sprinkle,DAL,TE,27,17,4,0,0,0,0,0,0,0,0.0,0,3,3,31,10.33,0,0,0,0,0,0,3,6.1,6.1,4.6,0,101,0
Mike Strachan,IND,WR,24,6,0,0,0,0,0,0,0,0,0.0,0,3,2,26,13.0,0,0,0,0,0,0,3,4.6,4.6,3.6,0,202,0
Dwayne Washington,NOR,RB,27,14,0,0,0,0,0,0,4,16,4.0,0,2,2,12,6.0,0,0,0,0,0,0,3,4.8,4.8,3.8,0,139,0
Cody White,PIT,WR,23,15,0,0,0,0,0,0,0,0,0.0,0,6,5,33,6.6,0,0,0,0,0,0,3,8.3,8.3,5.8,0,198,0
Seth Williams,DEN,WR,21,2,1,0,0,0,0,0,0,0,0.0,0,1,1,34,34.0,0,0,0,0,0,0,3,4.4,4.4,3.9,0,196,0
Shane Zylstra,DET,TE,25,4,0,0,0,0,0,0,0,0,0.0,0,7,3,34,11.33,0,0,0,0,0,0,3,6.4,6.4,4.9,0,97,0
Nick Bawden,NYJ,RB,25,9,1,0,0,0,0,0,0,0,0.0,0,1,1,20,20.0,0,0,0,0,0,0,2,3.0,3.0,2.5,0,146,0
C.J. Beathard,JAX,QB,28,2,0,2,2,33,0,0,1,2,2.0,0,0,0,0,0.0,0,0,0,0,0,0,2,1.5,1.5,1.5,0,69,0
Reggie Bonnafon,CAR,RB,25,4,0,0,0,0,0,0,1,4,4.0,0,2,2,12,6.0,0,0,0,0,0,0,2,3.6,3.6,2.6,0,149,0
Ian Book,NOR,QB,23,1,1,12,20,135,0,2,3,6,2.0,0,0,0,0,0.0,0,0,0,0,0,0,2,2.0,4.0,4.0,0,67,0
Cethan Carter,MIA,TE,26,16,1,0,0,0,0,0,0,0,0.0,0,2,2,16,8.0,0,0,0,0,0,0,2,3.6,3.6,2.6,0,103,0
Davion Davis,HOU,WR,25,2,1,0,0,0,0,0,0,0,0.0,0,3,1,17,17.0,0,0,0,0,0,0,2,2.7,2.7,2.2,0,207,0
Darrynton Evans,TEN,RB,23,1,0,0,0,0,0,0,2,7,3.5,0,2,2,11,5.5,0,0,0,0,0,0,2,3.8,3.8,2.8,0,148,0
Blaine Gabbert,TAM,QB,32,6,0,7,11,67,0,0,9,-7,-0.78,0,0,0,0,0.0,0,0,0,0,0,0,2,2.0,2.0,2.0,0,68,0
Tyron Johnson,2TM,WR,25,10,0,0,0,0,0,0,0,0,0.0,0,5,2,16,8.0,0,0,0,0,0,0,2,3.6,3.6,2.6,0,210,0
Marcus Kemp,KAN,WR,26,16,0,0,0,0,0,0,0,0,0.0,0,5,2,24,12.0,0,0,0,0,0,0,2,4.4,4.4,3.4,0,204,0
Keith Kirkwood,CAR,WR,27,3,0,0,0,0,0,0,0,0,0.0,0,7,3,17,5.67,0,0,0,0,0,0,2,4.7,4.7,3.2,0,208,0
Patrick Laird,MIA,RB,26,6,0,0,0,0,0,0,1,4,4.0,0,3,3,17,5.67,0,0,0,0,0,0,2,5.1,5.1,3.6,0,144,0
Raheem Mostert,SFO,RB,29,1,1,0,0,0,0,0,2,20,10.0,0,0,0,0,0.0,0,0,0,0,0,0,2,2.0,2.0,2.0,0,147,0
Dazz Newsome,CHI,WR,22,3,1,0,0,0,0,0,0,0,0.0,0,5,2,23,11.5,0,0,0,0,0,0,2,4.3,4.3,3.3,0,205,0
Scottie Phillips,HOU,RB,24,3,0,0,0,0,0,0,6,13,2.17,0,3,2,9,4.5,0,0,0,0,0,0,2,4.2,4.2,3.2,0,143,0
Adam Prentice,NOR,RB,24,7,3,0,0,0,0,0,3,5,1.67,0,3,3,16,5.33,0,0,0,0,0,0,2,5.1,5.1,3.6,0,145,0
Trey Ragas,LVR,RB,25,1,0,0,0,0,0,0,1,9,9.0,0,2,2,6,3.0,0,0,0,0,0,0,2,3.5,3.5,2.5,0,151,0
Jaylen Samuels,HOU,RB,25,3,0,0,0,0,0,0,5,9,1.8,0,4,3,14,4.67,0,0,0,0,0,0,2,5.3,5.3,3.8,0,142,0
David Sills,NYG,WR,25,4,1,0,0,0,0,0,0,0,0.0,0,6,2,17,8.5,0,0,0,0,0,0,2,3.7,3.7,2.7,0,209,0
Jack Stoll,PHI,TE,23,16,5,0,0,0,0,0,0,0,0.0,0,5,4,22,5.5,0,0,0,0,0,0,2,6.2,6.2,4.2,0,102,0
Chris Streveler,ARI,QB,26,2,0,6,9,36,0,0,3,6,2.0,0,0,0,0,0.0,0,1,0,0,0,0,2,2.0,2.0,2.0,0,66,0
Tylan Wallace,BAL,WR,22,17,1,0,0,0,0,0,0,0,0.0,0,6,2,23,11.5,0,0,0,0,0,0,2,4.3,4.3,3.3,0,206,0
Derek Watt,PIT,RB,29,17,4,0,0,0,0,0,1,1,1.0,0,3,3,15,5.0,0,0,0,0,0,0,2,4.6,4.6,3.1,0,150,0
Mitchell Wilcox,CIN,TE,25,15,1,0,0,0,0,0,0,0,0.0,0,5,3,16,5.33,0,0,0,0,0,0,2,4.6,4.6,3.1,0,104,0
Cam Akers,LAR,RB,22,1,0,0,0,0,0,0,5,3,0.6,0,3,3,10,3.33,0,0,0,0,0,0,1,4.3,4.3,2.8,0,153,0
Tarik Black,NYJ,WR,23,1,0,0,0,0,0,0,0,0,0.0,0,2,1,10,10.0,0,0,0,0,0,0,1,2.0,2.0,1.5,0,217,0
David Blough,DET,QB,26,1,0,0,0,0,0,0,1,6,6.0,0,0,0,0,0.0,0,1,0,0,0,0,1,0.6,0.6,0.6,0,72,0
Miles Boykin,BAL,WR,25,8,0,0,0,0,0,0,0,0,0.0,0,1,1,6,6.0,0,0,0,0,0,0,1,1.6,1.6,1.1,0,221,0
Gary Brightwell,NYG,RB,22,13,0,0,0,0,0,0,1,4,4.0,0,1,1,6,6.0,0,0,0,0,0,0,1,2.0,2.0,1.5,0,158,0
Derek Carrier,LVR,TE,31,5,1,0,0,0,0,0,0,0,0.0,0,2,2,13,6.5,0,0,0,0,0,0,1,3.3,3.3,2.3,0,105,0
Keke Coutee,IND,WR,24,2,0,0,0,0,0,0,0,0,0.0,0,1,1,5,5.0,0,0,0,0,0,0,1,1.5,1.5,1.0,0,222,0
Damarea Crockett,DEN,RB,24,12,0,0,0,0,0,0,3,7,2.33,0,0,0,0,0.0,0,0,0,0,0,0,1,0.7,0.7,0.7,0,160,0
Frank Darby,ATL,WR,24,10,0,0,0,0,0,0,0,0,0.0,0,4,1,14,14.0,0,0,0,0,0,0,1,2.4,2.4,1.9,0,211,0
Sam Ehlinger,IND,QB,23,3,0,0,0,0,0,0,3,9,3.0,0,0,0,0,0.0,0,0,0,0,0,0,1,0.9,0.9,0.9,0,70,0
Ryan Fitzpatrick,WAS,QB,39,1,1,3,6,13,0,0,1,2,2.0,0,0,0,0,0.0,0,1,0,0,0,0,1,0.7,0.7,0.7,0,71,0
Jake Funk,LAR,RB,23,10,0,0,0,0,0,0,2,5,2.5,0,0,0,0,0.0,0,0,0,0,0,0,1,0.5,0.5,0.5,0,161,0
Marvin Hall,ATL,WR,28,2,0,0,0,0,0,0,0,0,0.0,0,1,1,10,10.0,0,0,0,0,0,0,1,2.0,2.0,1.5,0,218,0
Demetrius Harris,ARI,TE,30,14,4,0,0,0,0,0,0,0,0.0,0,6,3,10,3.33,0,0,0,0,0,0,1,4.0,4.0,2.5,0,108,0
Brycen Hopkins,LAR,TE,24,5,0,0,0,0,0,0,0,0,0.0,0,1,1,9,9.0,0,0,0,0,0,0,1,1.9,1.9,1.4,0,109,0
Buddy Howell,LAR,RB,25,10,0,0,0,0,0,0,5,11,2.2,0,0,0,0,0.0,0,0,0,0,0,0,1,1.1,1.1,1.1,0,156,0
Andy Isabella,ARI,WR,25,8,0,0,0,0,0,0,0,0,0.0,0,1,1,13,13.0,0,0,0,0,0,0,1,2.3,2.3,1.8,0,214,0
John Kelly,CLE,RB,25,4,0,0,0,0,0,0,2,13,6.5,0,0,0,0,0.0,0,0,0,0,0,0,1,1.3,1.3,1.3,0,154,0
Tommylee Lewis,MIA,WR,29,2,0,0,0,0,0,0,0,0,0.0,0,2,1,7,7.0,0,0,0,0,0,0,1,1.7,1.7,1.2,0,220,0
Hunter Long,MIA,TE,23,7,2,0,0,0,0,0,0,0,0.0,0,3,1,8,8.0,0,0,0,0,0,0,1,1.8,1.8,1.3,0,111,0
Anthony McFarland Jr.,PIT,RB,22,2,0,0,0,0,0,0,3,3,1.0,0,1,1,11,11.0,0,0,0,0,0,0,1,2.4,2.4,1.9,0,152,0
Kirk Merritt,MIA,WR,24,2,0,0,0,0,0,0,0,0,0.0,0,3,1,13,13.0,0,0,0,0,0,0,1,2.3,2.3,1.8,0,215,0
Jaydon Mickens,2TM,WR,27,11,0,0,0,0,0,0,0,0,0.0,0,3,2,10,5.0,0,1,0,0,0,0,1,3.0,3.0,2.0,0,219,0
Stanley Morgan Jr.,CIN,WR,25,17,1,0,0,0,0,0,1,3,3.0,0,4,2,11,5.5,0,0,0,0,0,0,1,3.4,3.4,2.4,0,212,0
Johnny Mundt,LAR,TE,27,6,0,0,0,0,0,0,0,0,0.0,0,1,1,9,9.0,0,0,0,0,0,0,1,1.9,1.9,1.4,0,110,0
Ryan Nall,CHI,RB,26,9,0,0,0,0,0,0,1,4,4.0,0,1,1,4,4.0,0,0,0,0,0,0,1,1.8,1.8,1.3,0,159,0
Jacques Patrick,SFO,RB,24,2,0,0,0,0,0,0,2,12,6.0,0,0,0,0,0.0,0,0,0,0,0,0,1,1.2,1.2,1.2,0,155,0
Kevin Rader,PIT,TE,26,6,1,0,0,0,0,0,0,0,0.0,0,3,2,8,4.0,0,0,0,0,0,0,1,2.8,2.8,1.8,0,112,0
Richard Rodgers,PHI,TE,29,3,0,0,0,0,0,0,0,0,0.0,0,2,2,11,5.5,0,0,0,0,0,0,1,3.1,3.1,2.1,0,107,0
Mekhi Sargent,3TM,RB,24,7,0,0,0,0,0,0,5,11,2.2,0,1,0,0,0.0,0,0,0,0,0,0,1,1.1,1.1,1.1,0,157,0
C.J. Saunders,CAR,WR,25,2,0,0,0,0,0,0,0,0,0.0,0,2,2,11,5.5,0,0,0,0,0,0,1,3.1,3.1,2.1,0,216,0
Luke Stocker,MIN,TE,33,12,0,0,0,0,0,0,0,0,0.0,0,2,2,12,6.0,0,0,0,0,0,0,1,3.2,3.2,2.2,0,106,0
Eric Tomlinson,BAL,TE,29,17,7,0,0,0,0,0,0,0,0.0,0,1,1,7,7.0,0,0,0,0,0,0,1,1.7,1.7,1.2,0,114,0
Tyrell Williams,DET,WR,29,1,1,0,0,0,0,0,0,0,0.0,0,3,2,14,7.0,0,0,0,0,0,0,1,3.4,3.4,2.4,0,213,0
Easop Winston,NOR,WR,25,3,1,0,0,0,0,0,0,0,0.0,0,1,1,5,5.0,0,0,0,0,0,0,1,1.5,1.5,1.0,0,223,0
Ethan Wolf,NOR,TE,26,2,1,0,0,0,0,0,0,0,0.0,0,2,2,8,4.0,0,0,0,0,0,0,1,2.8,2.8,1.8,0,113,0
Josh Adams,NYJ,0,25,1,0,0,0,0,0,0,0,0,0.0,0,0,0,0,0.0,0,0,0,0,0,0,0,0.0,0.0,0.0,0,165,0
Rodney Adams,CHI,0,27,1,0,0,0,0,0,0,0,0,0.0,0,1,0,0,0.0,0,0,0,0,0,0,0,0.0,0.0,0.0,0,225,0
Geronimo Allison,DET,0,27,3,1,0,0,0,0,0,0,0,0.0,0,2,0,0,0.0,0,0,0,0,0,0,0,0.0,0.0,0.0,0,226,0
Devin Asiasi,NWE,0,24,1,0,0,0,0,0,0,0,0,0.0,0,0,0,0,0.0,0,0,0,0,0,0,0,0.0,0.0,0.0,0,116,0
Marcell Ateman,LVR,0,27,1,0,0,0,0,0,0,0,0,0.0,0,0,0,0,0.0,0,0,0,0,0,0,0,0.0,0.0,0.0,0,227,0
Tutu Atwell,LAR,0,22,8,0,0,0,0,0,0,0,0,0.0,0,0,0,0,0.0,0,1,0,0,0,0,0,0.0,0.0,0.0,0,228,0
Alex Bachman,NYG,WR,25,3,0,0,0,0,0,0,1,-3,-3.0,0,0,0,0,0.0,0,0,0,0,0,0,0,-0.3,-0.3,-0.3,0,257,0
Jake Bargas,MIN,0,25,1,0,0,0,0,0,0,0,0,0.0,0,0,0,0,0.0,0,0,0,0,0,0,0,0.0,0.0,0.0,0,166,0
Kenjon Barner,TAM,RB,32,3,0,0,0,0,0,0,4,0,0.0,0,0,0,0,0.0,0,0,0,0,0,0,0,0.0,0.0,0.0,0,167,0
Andrew Beck,DEN,0,25,12,0,0,0,0,0,0,0,0,0.0,0,0,0,0,0.0,0,0,0,0,0,0,0,0.0,0.0,0.0,0,117,0
Nick Bellore,SEA,RB,32,17,0,0,0,0,0,0,0,0,0.0,0,1,1,4,4.0,0,0,0,0,0,0,0,1.4,1.4,0.9,0,162,0
Kurt Benkert,GNB,QB,26,1,0,0,0,0,0,0,2,-1,-0.5,0,0,0,0,0.0,0,0,0,0,0,0,0,-0.1,-0.1,-0.1,0,78,0
Rashod Berry,DET,0,25,5,0,0,0,0,0,0,0,0,0.0,0,0,0,0,0.0,0,0,0,0,0,0,0,0.0,0.0,0.0,0,118,0
Nick Boyle,BAL,TE,28,5,3,0,0,0,0,0,0,0,0.0,0,2,1,2,2.0,0,0,0,0,0,0,0,1.2,1.2,0.7,0,115,0
Darius Bradwell,LAC,0,24,2,0,0,0,0,0,0,0,0,0.0,0,1,0,0,0.0,0,0,0,0,0,0,0,0.0,0.0,0.0,0,168,0
John Brown,2TM,0,31,4,0,0,0,0,0,0,0,0,0.0,0,3,0,0,0.0,0,0,0,0,0,0,0,0.0,0.0,0.0,0,229,0
John Brown,TAM,0,31,0,0,0,0,0,0,0,0,0,0.0,0,0,0,0,0.0,0,0,0,0,0,0,0,0.0,0.0,0.0,0,229,0
Deante Burton,DAL,0,27,1,0,0,0,0,0,0,0,0,0.0,0,0,0,0,0.0,0,0,0,0,0,0,0,0.0,0.0,0.0,0,230,0
Lawrence Cager,CLE,0,24,1,0,0,0,0,0,0,0,0,0.0,0,0,0,0,0.0,0,0,0,0,0,0,0,0.0,0.0,0.0,0,231,0
Stephen Carlson,CLE,0,25,2,0,0,0,0,0,0,0,0,0.0,0,0,0,0,0.0,0,0,0,0,0,0,0,0.0,0.0,0.0,0,119,0
Dan Chisena,MIN,0,24,11,0,0,0,0,0,0,0,0,0.0,0,0,0,0,0.0,0,0,0,0,0,0,0,0.0,0.0,0.0,0,232,0
Tyrie Cleveland,DEN,0,24,7,0,0,0,0,0,0,0,0,0.0,0,1,0,0,0.0,0,0,0,0,0,0,0,0.0,0.0,0.0,0,233,0
Matt Cole,CAR,0,25,1,0,0,0,0,0,0,0,0,0.0,0,0,0,0,0.0,0,0,0,0,0,0,0,0.0,0.0,0.0,0,234,0
Nathan Cottrell,JAX,RB,25,4,0,0,0,0,0,0,1,3,3.0,0,0,0,0,0.0,0,0,0,0,0,0,0,0.3,0.3,0.3,0,164,0
Isaiah Coulter,CHI,0,23,3,0,0,0,0,0,0,0,0,0.0,0,1,0,0,0.0,0,0,0,0,0,0,0,0.0,0.0,0.0,0,235,0
River Cracraft,SFO,0,27,6,0,0,0,0,0,0,0,0,0.0,0,0,0,0,0.0,0,0,0,0,0,0,0,0.0,0.0,0.0,0,236,0
Chase Daniel,LAC,QB,35,1,0,0,0,0,0,0,2,-2,-1.0,0,0,0,0,0.0,0,0,0,0,0,0,0,-0.2,-0.2,-0.2,0,79,0
Darrell Daniels,ARI,TE,27,15,4,0,0,0,0,0,0,0,0.0,0,4,1,0,0.0,0,0,0,0,0,0,0,1.0,1.0,0.5,0,120,0
Connor Davis,CLE,0,27,1,0,0,0,0,0,0,0,0,0.0,0,0,0,0,0.0,0,0,0,0,0,0,0,0.0,0.0,0.0,0,121,0
Brandon Dillon,MIN,0,24,1,0,0,0,0,0,0,0,0,0.0,0,0,0,0,0.0,0,0,0,0,0,0,0,0.0,0.0,0.0,0,122,0
Jeff Driskel,HOU,0,28,1,0,0,0,0,0,0,0,0,0.0,0,0,0,0,0.0,0,0,0,0,0,0,0,0.0,0.0,0.0,0,75,0
Trey Edmunds,PIT,0,27,2,0,0,0,0,0,0,0,0,0.0,0,0,0,0,0.0,0,0,0,0,0,0,0,0.0,0.0,0.0,0,169,0
Ben Ellefson,MIN,0,25,5,0,0,0,0,0,0,0,0,0.0,0,1,0,0,0.0,0,0,0,0,0,0,0,0.0,0.0,0.0,0,123,0
Simi Fehoko,DAL,0,24,5,0,0,0,0,0,0,0,0,0.0,0,0,0,0,0.0,0,0,0,0,0,0,0,0.0,0.0,0.0,0,237,0
Maurice Ffrench,LAC,WR,23,3,0,0,0,0,0,0,1,3,3.0,0,0,0,0,0.0,0,0,0,0,0,0,0,0.3,0.3,0.3,0,224,0
Daurice Fountain,KAN,0,26,2,0,0,0,0,0,0,0,0,0.0,0,0,0,0,0.0,0,0,0,0,0,0,0,0.0,0.0,0.0,0,238,0
Travis Fulgham,DEN,0,26,1,0,0,0,0,0,0,0,0,0.0,0,0,0,0,0.0,0,0,0,0,0,0,0,0.0,0.0,0.0,0,239,0
Antonio Gandy-Golden,WAS,0,23,4,0,0,0,0,0,0,0,0,0.0,0,0,0,0,0.0,0,0,0,0,0,0,0,0.0,0.0,0.0,0,240,0
Cullen Gillaspia,NYG,0,26,15,0,0,0,0,0,0,0,0,0.0,0,0,0,0,0.0,0,0,0,0,0,0,0,0.0,0.0,0.0,0,170,0
Justin Hardee,NYJ,0,27,16,0,0,0,0,0,0,0,0,0.0,0,0,0,0,0.0,0,0,0,0,0,0,0,0.0,0.0,0.0,0,241,0
Clark Harris,CIN,0,37,17,0,0,0,0,0,0,0,0,0.0,0,0,0,0,0.0,0,0,0,0,0,0,0,0.0,0.0,0.0,0,124,0
De'Michael Harris,IND,0,23,3,0,0,0,0,0,0,0,0,0.0,0,0,0,0,0.0,0,0,0,0,0,0,0,0.0,0.0,0.0,0,242,0
Jacob Harris,LAR,0,24,9,0,0,0,0,0,0,0,0,0.0,0,0,0,0,0.0,0,0,0,0,0,0,0,0.0,0.0,0.0,0,125,0
Daniel Helm,LVR,TE,26,9,1,0,0,0,0,0,0,0,0.0,0,2,1,-1,-1.0,0,0,0,0,0,0,0,0.9,0.9,0.4,0,144,0
Temarrick Hemingway,WAS,0,28,2,1,0,0,0,0,0,0,0,0.0,0,0,0,0,0.0,0,0,0,0,0,0,0,0.0,0.0,0.0,0,126,0
John Hightower,PHI,0,25,1,0,0,0,0,0,0,0,0,0.0,0,0,0,0,0.0,0,1,0,0,0,0,0,0.0,0.0,0.0,0,244,0
Brian Hill,SFO,0,26,3,0,0,0,0,0,0,0,0,0.0,0,0,0,0,0.0,0,0,0,0,0,0,0,0.0,0.0,0.0,0,171,0
Kevin Hogan,TEN,0,29,1,0,0,0,0,0,0,0,0,0.0,0,0,0,0,0.0,0,0,0,0,0,0,0,0.0,0.0,0.0,0,76,0
J.P. Holtz,CHI,0,28,13,0,0,0,0,0,0,0,0,0.0,0,0,0,0,0.0,0,0,0,0,0,0,0,0.0,0.0,0.0,0,127,0
Tanner Hudson,SFO,0,27,2,0,0,0,0,0,0,0,0,0.0,0,0,0,0,0.0,0,0,0,0,0,0,0,0.0,0.0,0.0,0,128,0
Ryan Izzo,TEN,0,26,1,0,0,0,0,0,0,0,0,0.0,0,0,0,0,0.0,0,0,0,0,0,0,0,0.0,0.0,0.0,0,129,0
Kerryon Johnson,SFO,0,24,1,0,0,0,0,0,0,0,0,0.0,0,0,0,0,0.0,0,0,0,0,0,0,0,0.0,0.0,0.0,0,172,0
KeeSean Johnson,PHI,0,25,0,0,0,0,0,0,0,0,0,0.0,0,0,0,0,0.0,0,0,0,0,0,0,0,0.0,0.0,0.0,0,262,0
Taiwan Jones,BUF,0,33,17,0,0,0,0,0,0,0,0,0.0,0,0,0,0,0.0,0,0,0,0,0,0,0,0.0,0.0,0.0,0,173,0
Matt LaCosse,NWE,0,29,1,0,0,0,0,0,0,0,0,0.0,0,0,0,0,0.0,0,0,0,0,0,0,0,0.0,0.0,0.0,0,130,0
Tyler Mabry,SEA,0,25,6,0,0,0,0,0,0,0,0,0.0,0,0,0,0,0.0,0,0,0,0,0,0,0,0.0,0.0,0.0,0,131,0
Jordan Matthews,SFO,0,29,1,0,0,0,0,0,0,0,0,0.0,0,0,0,0,0.0,0,0,0,0,0,0,0,0.0,0.0,0.0,0,245,0
Nate McCrary,BAL,RB,22,1,0,0,0,0,0,0,1,-1,-1.0,0,0,0,0,0.0,0,0,0,0,0,0,0,-0.1,-0.1,-0.1,0,177,0
Codey McElroy,TAM,0,29,2,0,0,0,0,0,0,0,0,0.0,0,1,0,0,0.0,0,0,0,0,0,0,0,0.0,0.0,0.0,0,246,0
Kellen Mond,MIN,QB,22,1,0,2,3,5,0,0,0,0,0.0,0,0,0,0,0.0,0,0,0,0,0,0,0,0.2,0.2,0.2,0,73,0
David Moore,2TM,0,26,3,0,0,0,0,0,0,0,0,0.0,0,2,0,0,0.0,0,0,0,0,0,0,0,0.0,0.0,0.0,0,247,0
Jojo Natson,CLE,0,27,3,0,0,0,0,0,0,0,0,0.0,0,0,0,0,0.0,0,0,0,0,0,0,0,0.0,0.0,0.0,0,248,0
Matthew Orzech,LAR,0,26,17,0,0,0,0,0,0,0,0,0.0,0,0,0,0,0.0,0,1,0,0,0,0,0,0.0,0.0,0.0,0,132,0
Devine Ozigbo,2TM,RB,25,3,0,0,0,0,0,0,1,-3,-3.0,0,1,1,7,7.0,0,0,0,0,0,0,0,1.4,1.4,0.9,0,163,0
Nathan Peterman,LVR,QB,27,1,0,0,0,0,0,0,2,2,1.0,0,0,0,0,0.0,0,0,0,0,0,0,0,0.2,0.2,0.2,0,74,0
Artavis Pierce,CHI,0,25,1,0,0,0,0,0,0,0,0,0.0,0,0,0,0,0.0,0,0,0,0,0,0,0,0.0,0.0,0.0,0,174,0
Giovanni Ricci,CAR,0,25,16,1,0,0,0,0,0,0,0,0.0,0,2,0,0,0.0,0,0,0,0,0,0,0,0.0,0.0,0.0,0,133,0
Brett Rypien,DEN,QB,25,1,0,0,2,0,0,0,0,0,0.0,0,0,0,0,0.0,0,0,0,0,0,0,0,0.0,0.0,0.0,0,77,0
Jordan Scarlett,MIA,0,25,1,0,0,0,0,0,0,0,0,0.0,0,0,0,0,0.0,0,0,0,0,0,0,0,0.0,0.0,0.0,0,175,0
Mason Schreck,CIN,0,28,1,0,0,0,0,0,0,0,0,0.0,0,0,0,0,0.0,0,0,0,0,0,0,0,0.0,0.0,0.0,0,134,0
Steven Sims,PIT,0,24,1,0,0,0,0,0,0,0,0,0.0,0,0,0,0,0.0,0,0,0,0,0,0,0,0.0,0.0,0.0,0,249,0
Matthew Slater,NWE,0,36,17,0,0,0,0,0,0,0,0,0.0,0,0,0,0,0.0,0,0,0,0,0,0,0,0.0,0.0,0.0,0,250,0
Devin Smith,JAX,0,29,4,0,0,0,0,0,0,0,0,0.0,0,1,0,0,0.0,0,0,0,0,0,0,0,0.0,0.0,0.0,0,251,0
Vyncint Smith,NYJ,0,25,2,0,0,0,0,0,0,0,0,0.0,0,1,0,0,0.0,0,0,0,0,0,0,0,0.0,0.0,0.0,0,252,0
Nate Solder,NYG,0,33,16,16,0,0,0,0,0,0,0,0.0,0,0,0,0,0.0,0,0,0,0,0,0,0,0.0,0.0,0.0,0,135,0
Stephen Sullivan,CAR,0,25,3,0,0,0,0,0,0,0,0,0.0,0,1,0,0,0.0,0,0,0,0,0,0,0,0.0,0.0,0.0,0,136,0
Tyrone Swoopes,WAS,0,27,1,0,0,0,0,0,0,0,0,0.0,0,0,0,0,0.0,0,0,0,0,0,0,0,0.0,0.0,0.0,0,137,0
Colin Thompson,CAR,0,28,11,2,0,0,0,0,0,0,0,0.0,0,1,0,0,0.0,0,0,0,0,0,0,0,0.0,0.0,0.0,0,138,0
Cody Thompson,SEA,0,25,5,0,0,0,0,0,0,0,0,0.0,0,0,0,0,0.0,0,0,0,0,0,0,0,0.0,0.0,0.0,0,253,0
Noah Togiai,PHI,0,24,1,0,0,0,0,0,0,0,0,0.0,0,0,0,0,0.0,0,0,0,0,0,0,0,0.0,0.0,0.0,0,139,0
Ross Travis,2TM,0,28,4,1,0,0,0,0,0,0,0,0.0,0,0,0,0,0.0,0,0,0,0,0,0,0,0.0,0.0,0.0,0,140,0
Jordan Veasy,HOU,0,26,2,0,0,0,0,0,0,0,0,0.0,0,0,0,0,0.0,0,0,0,0,0,0,0,0.0,0.0,0.0,0,254,0
Kahale Warring,2TM,0,24,2,0,0,0,0,0,0,0,0,0.0,0,0,0,0,0.0,0,0,0,0,0,0,0,0.0,0.0,0.0,0,141,0
Justin Watson,TAM,0,25,1,0,0,0,0,0,0,0,0,0.0,0,0,0,0,0.0,0,0,0,0,0,0,0,0.0,0.0,0.0,0,255,0
Davis Webb,BUF,QB,26,1,0,0,0,0,0,0,2,-3,-1.5,0,0,0,0,0.0,0,0,0,0,0,0,0,-0.3,-0.3,-0.3,0,80,0
Nsimba Webster,CHI,0,25,6,0,0,0,0,0,0,0,0,0.0,0,0,0,0,0.0,0,1,0,0,0,0,0,0.0,0.0,0.0,0,256,0
David Wells,ARI,0,26,3,1,0,0,0,0,0,0,0,0.0,0,0,0,0,0.0,0,0,0,0,0,0,0,0.0,0.0,0.0,0,142,0
Jordan Wilkins,2TM,0,27,5,0,0,0,0,0,0,0,0,0.0,0,0,0,0,0.0,0,0,0,0,0,0,0,0.0,0.0,0.0,0,176,0
Deon Yelder,TAM,TE,26,5,0,0,0,0,0,0,0,0,0.0,0,1,1,0,0.0,0,0,0,0,0,0,0,1.0,1.0,0.5,0,143,0
Khari Blasingame,TEN,RB,25,11,3,0,0,0,0,0,3,6,2.0,0,2,2,4,2.0,0,1,1,0,0,0,-1,1.0,2.0,0.0,0,178,0
Jacob Eason,IND,QB,24,1,0,2,5,25,0,1,0,0,0.0,0,0,0,0,0.0,0,0,0,0,0,0,-1,-1.0,0.0,0.0,0,82,0
Feleipe Franks,ATL,QB,24,9,0,0,1,0,0,1,3,6,2.0,0,0,0,0,0.0,0,0,0,0,0,0,-1,-1.4,-0.4,-0.4,0,83,0
Racey McMath,TEN,WR,22,9,0,0,0,0,0,0,0,0,0.0,0,6,2,8,4.0,0,1,1,0,0,0,-1,0.8,1.8,-0.2,0,259,0
Malik Taylor,GNB,WR,26,10,0,0,0,0,0,0,0,0,0.0,0,3,2,14,7.0,0,1,1,0,0,0,-1,1.4,2.4,0.4,0,258,0
Logan Woodside,TEN,QB,26,5,0,0,0,0,0,0,6,-6,-1.0,0,0,0,0,0.0,0,0,0,0,0,0,-1,-0.6,-0.6,-0.6,0,81,0
Travis Benjamin,SFO,0,32,10,0,0,0,0,0,0,0,0,0.0,0,5,0,0,0.0,0,1,1,0,0,0,-2,-2.0,-1.0,-2.0,0,260,0
Trenton Cannon,2TM,RB,27,12,0,0,0,0,0,0,3,4,1.33,0,0,0,0,0.0,0,1,1,0,0,0,-2,-1.6,-0.6,-1.6,0,179,0
John Wolford,LAR,QB,26,3,0,1,4,5,0,1,2,-1,-0.5,0,0,0,0,0.0,0,0,0,0,0,0,-2,-1.9,-0.9,-0.9,0,84,0
Josh Rosen,ATL,QB,24,4,0,2,11,19,0,2,0,0,0.0,0,0,0,0,0.0,0,0,0,0,0,0,-3,-3.2,-1.2,-1.2,0,85,0
Diontae Spencer,DEN,WR,29,15,0,0,0,0,0,0,0,0,0.0,0,4,1,-3,-3.0,0,2,2,0,0,0,-4,-3.3,-1.3,-3.8,0,261,0
